Set #1	STEDT # 	Taoping	Taoping_gloss	Longxi	Longxi_gloss	Mianchi_form	Mianchi_gloss	Yonghe	Yonghe_gloss	Wadu	Wadu_gloss	Niuwozi	Niuwozi_gloss	Dayang	Dayang_gloss	Taoba	Taoba_gloss	Qinghua	Qinghua_gloss	Lanping	Lanping_gloss	Jiulong	Jiulong_gloss	Tangut form	Tangut_tone	Tangut_rhyme	Tangut_logograph	Tangut_number	pre-Tangut	Tangut_gloss	NOTE
118		pə³³	year	pù	year	pù	year	ə́-pù	one year	pʉ̀	year			pɨ̀	year	pu⁵³	year	pə¹³	year	pə¹³	year	pi⁵³	year	wji	1	20	��	2712	*C-pja		
108	#5632	sɨ⁵⁵	who⁴⁰	sɨ́	who⁴⁰	ʂí lè	who⁴⁰	sɨ́	who⁴⁰	hĩ̂	who⁴⁰	xɜᴴ	who⁴⁰			xɛ⁵⁵	who⁴⁰	xɛ⁵⁵	who⁴⁰	xɛ⁵⁵	who⁴⁰			sjwɨ 	2	28	��	432	*su		
183	#3608	pʐi⁵⁵	white⁶¹	pʰé	white⁶¹	pʂí	white⁶¹	pʰjí ~ pʰí	white⁶¹	ʈʰṍ	white⁶¹	pʰʴĩᴴ	white⁶¹	pʰʂẽ́	white⁶¹	pʰʐã⁵⁵ mə⁵³	white⁶¹	pʰʐə̃⁵⁵	white⁶¹	pʰʂə̃⁵⁵	white⁶¹	pʰʐĩ⁵⁵ lø⁵⁵ lø¹¹	white⁶¹	pʰiow	1	55	��	1572	*prvm		
95	#2312	tɕʰe⁵⁵	weigh	tɕʰì tɕʰí	weight (grain)	tɕʰé	weigh (grain)									tə⁵⁵ tɕɛ⁵³	weigh			tə⁵⁵ tɕi⁵⁵	weigh (food)	tɯ⁵⁵ ke⁵⁵	weigh (food)	kạ 	2	56	��	909	*[S-kv]		
104	#1104	ŋə⁵⁵	weep³⁹		ŋú	weep³⁹				qwé	weep³⁹	kwɜjᴴ	weep³⁹			xue⁵⁵	weep³⁹	squa⁵⁵	weep³⁹	χquɑ⁵⁵	weep³⁹	kuɛ⁵⁵	weep³⁹	ŋwu 	2	1	��	3388			typo in paper: NWZ
150	#2686	tia³³	weave⁵¹	tɕà	weave⁵¹	tià	weave⁵¹	tæ̌	weave⁵¹	tɕæ̌	weave⁵¹			tʂɒ̌	weave⁵¹	nə³⁵ tɕɛ³⁵	weave⁵¹			tʃɑ¹³	weave⁵¹			la	1	17	��	630	*C-tak		
186		bie²⁴¹	urine⁶²	bí	urine⁶²	biě	urine⁶²	bɨ́	urinate	bĩ̂	urine⁶²	biẽᶠ	urine⁶²	βbĩ́	urine⁶²									bjị	1	67	�� / ��	5509 / 3142	*S-mbjeN		
91		pʰo⁵⁵	tree³⁵	ɕì pʰù	tree³⁵	pʰò ~ pʰó	tree³⁵	pʰú	tree³⁵	bóŋ	tree³⁵							siɛ̃¹³ sbõ⁵⁵	tree³⁵	siɛ̃¹³ vbõ⁵⁵	tree³⁵	sẽ¹¹ bũ⁵⁵	tree³⁵	pʰu 	2	1	��	5814	*pʰoN		
31		tɕʰya³¹	tread	tɕʰuà ȵí	tread	tɕʰyà	tread	tsʰwæ̀ ȵwí	tread							nə³⁵ tɕʰo⁵⁵	tread	nə¹³ tʂʰɯ¹³	tread	nə¹³ tʂʰɯ¹³	tread			NA	NA	NA	NA	NA	NA	NA	
194	#0632	suə⁵⁵	tooth	sù	tooth	sú-nə̀	gums	ɕwí	tooth	ɻ̥ʉ́	tooth	ɹ̥ʉᶠ	tooth	ʂóu	tooth	ʂu⁵³	tooth	ʂy⁵⁵	tooth	ʂy⁵⁵	tooth	xui⁵⁵	tooth	śjwi	1	10	��	169	*ɕwa		
199	#0621	zɿ³¹ qə⁵⁵	tongue	zə̀ qə̀	tongue	zɨ̀ qé	tongue	zɨ̌ qə̀	tongue			l̥eᴴ	tongue			ɬiɛ⁵³	tongue	ɬie⁵⁵ qʰo⁵⁵	tongue	ɬie⁵⁵ qʰo⁵⁵	tongue	ɬə⁵⁵	tongue	lʰjwa	1	20	��	3190			
38	#0449	ʒɿ³³	to exist	jì	to exist	ʑì	to exist			ʑǐ	to exist					ʑɛ³⁵	to exist	ʒø¹³	to exist	ʒø¹³	to exist	ʑe³⁵	to exist	NA	NA	NA	NA	NA	NA	NA	
180	#5729	lie³³	thick	lià	thick	lià	thick	læ̌	thick	ɦɑ̌	thick	ɣɑᴿ	thick	ɣɑ̌ ~ ɦɑ̌	thick	ɣa¹³	thick	ɣa¹³	thick			lɑ³⁵	thick	laa	1	22	��	3192	*laak		
32	#0615	χtʂuə⁵⁵	sweat			tʂʰù	sweat	tɕʰwí	sweat					ʃtʃʰí	sweat			skʰi⁵⁵	sweat	skʰi⁵⁵	sweat			NA	NA	NA	NA	NA	NA	NA	
100		sɿ³¹ tʂʰi⁵⁵	stretch	tsʰí	stretch	tʂʰɨ̀ ~ tʂʰɨ́	stretch	hə̀-tʂʰə́	stretch									kʰə¹³ stʃõ⁵⁵	stretch	kʰə¹³ ʃtʃõ⁵⁵	stretch	kʰɯ¹¹ ʂã⁵⁵ la¹¹	stretch	.jị 	2	60	��	5209		uphold, stretch	
97	#5677	dʐɿ²⁴¹	strength	qú	strength	dʐà qà	strength	qǔ ~ kǔ	strength	qɐ̌	strength					ka³⁵	strength	qa¹³	strength	qa¹³	strength			ka 	1	17	��	3440		power, authority	
189		χtə⁵⁵	straight⁶⁵	tí	straight⁶⁵	tí	straight, erect									tu⁵⁵ mə⁵³	straight⁶⁵	stu⁵⁵	straight⁶⁵	stu⁵⁵	straight⁶⁵	tə¹¹ tu⁵⁵	straight⁶⁵	twụ	1	58	��	5128	*S-to		
193	#3574	χdʐe³³ pe⁵⁵	star⁶⁷	zɨ̀ bà	star⁶⁷	dʐɛ̀	star⁶⁷	dʐɨ́	star⁶⁷	ɖə̌	star⁶⁷	gʴəᴿ	star⁶⁷	ɖɨ̌	star⁶⁷	dʐə³⁵	star⁶⁷	dʐə¹³	star⁶⁷	dʐə¹³	star⁶⁷	dʐɿ³⁵	star⁶⁷	gjịj	2	61	��	108	*S-ŋgjej		
124	#1145	pʰe³³	spit (v.)⁴⁶					sə́-pʰɛ̀	spit (v.)⁴⁶	pʰɐ̀	spit (v.)⁴⁶	pʰeᴿ	spew			pʰø³⁵	spit (v.)⁴⁶	tə⁵⁵ spʰɛ¹³	spit (v.)⁴⁶	tə⁵⁵ fpʰɛ¹³	spit (v.)⁴⁶	tɯ⁵⁵ pʰə⁵⁵	spit (v.)⁴⁶	piẹ	1	66	��	4622	*S-pjv		
59		dʐue²⁴¹	soldier²⁴	guà	soldier²⁴	dʑyè	soldier²⁴																	gja 	1	20	��	1531	*[ŋgjaC]		
198	#3554	χpɑ³¹ tʰu³³	snow	mù pà	snow	peì	snow	pɔ̌	snow	pʉ	snow	pʉᶠ	snow			pu̵⁵³	snow	spy⁵⁵	snow	fpy⁵⁵	snow	py⁵⁵	snow	.wjị	1	67	��	4091	*C-S-pja		
160	#0596	tʃʰɿ³¹ pa³³	skin	ɹà pià	skin	ʐà piá	skin	ɦæ̀ pǽ	skin			ɹəᶠ	skin	rə̀ ʃtʃɨ̌	skin	rə⁵³	skin	ʐɤ¹³	skin			ʐɿ³⁵	skin	dźji	1	30	��	1153	*ndri		
20		χne⁵⁵	sit on/hatch (egg)			né	hatch/brood									tə⁵⁵ ȵi⁵³	sit on/hatch (egg)	tə⁵⁵ ȵi⁵⁵	lay egg					NA	NA	NA	NA	NA	NA	NA	
113	#3591	dzo³³	sit down⁴²	ɦà zú	sit down⁴²	dzó	sit down⁴²			nə̀ dzṍ	sit down⁴²	dzõᴴ	sit down⁴²			nə³⁵ dziã⁵⁵	sit down⁴²	nə¹³ dziɛ̃⁵⁵	sit down⁴²	nə¹³ dziɛ̃⁵⁵	sit down⁴²	nə⁵⁵ dzə̃⁵⁵	sit down⁴²	dzuu	2	5	��	2396	*ndzoo		
201	#0535	dʐʅ²⁴¹	sinew	dzɨ̀	sinew	dʑɛ̀	sinew	dʐí	sinew							dʐu⁵³	sinew							gju	2	3	��	1907	*ŋgjo		
103	#2536	χŋu⁵⁵	silver	ŋú	silver	ŋó	silver	wú	silver	ŋṍ	silver	jõᴴ	silver	ŋoṹ	silver	ȵõ⁵⁵	silver	ŋɑ̃u⁵⁵	silver	ŋɑ̃u⁵⁵	silver	ŋɯ̃³⁵	silver	ŋwo 	2	42	��	3572			
63	#0695	lɑ³¹ χɑ⁵⁵ pi³³	shoulder																					lạ 	1	63	��	3485	*s-lak		
167		qʰa³³	shoot (v.)⁵⁵	qʰò	shoot (v.)⁵⁵	tʂʰà	shoot (v.)⁵⁵			ʈʰæ̌	shoot (v.)⁵⁵	kʰʴɑ̌	shoot (v.)⁵⁵			kʰə³⁵ tʂʰa³⁵	shoot (v.)⁵⁵	kʰə¹³ tʂʰɑ⁵⁵	shoot (v.)⁵⁵	kʰə¹³ tʂʰɑ⁵⁵	shoot (v.)⁵⁵			kʰia	1	18	��	1922	*[kraC]		
107	#0572	tʃʰɿ⁵⁵	shit	tsʰə̀	shit	tɕʰɛ́	shit	ʂɨ́	shit			kɜjᶠ	shit	χqá	shit	xe⁵³	shit	sqa⁵⁵	shit	xqa⁵⁵	shit	qɛi⁵⁵	shit	lʰjị 	2	60	��	2059			
157		suə⁵⁵	sharpen, grind	sù	sharpen, grind	sù	sharpen, grind					suᴿ	sharpen, grind			kʰə³⁵ sui³⁵	sharpen, grind	kʰə¹³ syi¹³	sharpen, grind					swjij	1	36	��	1670		grind, pestle	
173	#2627	ʐi³¹ ʐi³¹	sew	ɹà í	sew	ʐì	sew	zɨ̀ jí	sew	dʐǐ	sew	dʐiᴿ	sew							dʐi¹³	sew			rer	1	84	��	2568	*rvp		
61	#3559	zuə³¹ zɑ²⁴¹	seed	dzueì	seed	zuì	pit, stone; bullet																	zjwɨ 	1	30	��	3164			
184	#0193	bʐe³³	rope			bʐè	rope			dʐwẽ̌	rope	bʴjẽᴿ	rope	bʐẽ̌	rope	bʐẽ³⁵	rope	bʐə̃¹³	rope	bʐə̃¹³	rope			bji	2	10	��	251	*mbje		
191	#2499	χȵi³¹ ȵi³³	red	ɕí	red	nə́	red	xí	red			neᴴ	red	ȵé	red	ȵɛ⁵⁵ mə⁵³	red	ȵø⁵⁵	red	ȵø⁵⁵	red	ȵẽ⁵⁵	copper (red; pure copper)	nji	1	36	��	1671	*(r)-njej		
16	#1005	ʂe⁵⁵	raw													sə⁵⁵ sə⁵⁵ mə⁵³	raw	sə⁵⁵ sə⁵⁵	raw	sə⁵⁵ sə⁵⁵	raw			NA	NA	NA	NA	NA	NA	NA	
123	#2583	pʰə³³	price⁴⁵	pʰù	price⁴⁵	pʰɛ̀	price⁴⁵			pʰʉ̌	price⁴⁵	pʰʴʉᴿ	price⁴⁵	pʰǔ	price⁴⁵	pʰu³⁵	price⁴⁵	pʰu¹³	price⁴⁵			pʰy⁵⁵ qo⁵⁵	price⁴⁵	pʰə	1	27	��	5950	*pʰu		
48		be³³	plate, dish																					bji 	1	11	��	3697	*[mbje]		
119	#1006	pa³³	pig	pià	pig	pià	pig	pæ̌	pig	tɕʰwæ̌	pig	tʃʰɥǎᴿ	pig	tʃʰɥǎ	pig	tɕyɛ³⁵	pig	pʰʒɑ¹³	pig	pʰʃɑ¹³	pig	tɕyə³⁵	pig	wa	1	27	��	294	*C-pak		
52		χma³³	people, clan	mà	people, clan	mà	people, clan	mə̌ʴ	people, clan															mjɨr 	1	86	��	607	*[r-m-]	people; clan	
121	#2548	χpe³³	patch (v.)	pà qó	patch (n.)	pɛ ̀tʂʰì	patch (n)					pʰeᴿ	patch (v.)	ɸpʰyě	patch (v.)	xə³⁵ pʰiɛ³⁵	patch (v.)	xə¹³ fpʰɛ¹³	patch (v.)	xə¹³ spʰɛ¹³	patch (v.)	pʰa¹¹ la¹¹ de³⁵	patch (v.)	pjạ	1	64	��	3136	*S-pja		
179	#5571	iɑ³¹ ʃɿ³³	pants/trousers			ʐɛ̀ tì gù gú	pants leg			ʑə̌	pants/trousers					ʑɨ³⁵	pants/trousers							ljii	1	14	��	1388	*ljaa		
50		bə³³	overflow																					bji / bju	1	30	�� / ��	190 / 0461	*[mbj-]		
3		pʰʐa⁵⁵	open	tə̀ pʰé	open (eye)	pʰɚ́	open									kʰə³⁵ pʰa⁵³	open			tʰə¹³ pʃɑ⁵⁵	split open, rend	kʰɯ¹¹ pʰo⁵⁵	open	NA	NA	NA	NA	NA	NA	NA	
190	#0803	χȵi³¹ qo⁵⁵ pə³³	nose⁶⁶	tì bá-qə̀	nose⁶⁶	nə̀ qɛ́ pì	nose⁶⁶	tə̀ qɑ́ pù	nose⁶⁶			n̥iᴸ dʒjõᴴ	nose⁶⁶			n̥ə³⁵ ɣiã⁵³	nose⁶⁶	xiɛ̃¹³ dʒõ⁵⁵	nose⁶⁶	xiɛ̃¹³ dʒõ⁵⁵	nose⁶⁶	ȵ̥ĩ¹¹ gõ³⁵	nose⁶⁶	njii	2	12	��	5700	*njaa		
195	#6178	tsʰi⁵⁵	new	tɕʰí	new	sí	new	sɨ́	new			ʃiᴿ	new			ɕi⁵⁵ ɕi⁵⁵ mə⁵³	new	ʂi¹³ ʂi¹³	new	ʂi¹³ ʂi¹³	new	sə⁵⁵ pa⁵⁵	new	sjiw	1	46	��	3457			
33		dʑi³¹	nephwe	dʑì qʰuá	nephew	dʑì	nephew					djuᴿ	nephew, paternal	dyǔ	nephew	diu³⁵	nephew	diu¹³	nephew	diu¹³	nephew			NA	NA	NA	NA	NA	NA	NA	
166	#5398	χe³³	needle⁵⁴	χèi	needle⁵⁴	χɛ̀	needle⁵⁴	χə̌	needle⁵⁴	qʰǔ	needle⁵⁴	kʰoᴿ	needle⁵⁴	qʰǒ	needle⁵⁴	qʰo³⁵	needle⁵⁴	qʰo⁵⁵	needle⁵⁴	qʰo⁵⁵	needle⁵⁴	qʰo⁵⁵	needle⁵⁴	ɣa	1	17	��	4935	*C-kap		
10		tɕʰe³³	narrow	tɕʰá	narrow											ʂə⁵⁵ mə⁵³	narrow	stʃə⁵⁵	narrow	ʃtʃə⁵⁵	narrow	tɕʰy¹¹ tɕʰy⁵⁵	narrow	NA	NA	NA	NA	NA	NA	NA	
93	#2450	χmə⁵⁵	name	zə̀ mú	name			mə́ʴ	name	mǽ̃	name	mɑ̃ᴴ	name	mɑ̃́	name	mɛ̃⁵⁵	name	ma⁵⁵	name	ma⁵⁵	name	mã³⁵	name	mjiij 	2	35	��	2639	*mjeej		
1	#2153	NA	NA	tə̀ pá	bloom	pɛ̀	bloom	tə̀ pá	bloom									tə⁵⁵ pɐ⁵⁵	bloom	NA		NA		NA	NA	NA	NA	NA	NA	NA	
23	#27472	mɑ³¹ ʐu³³	mushroom	mə̀ ɚ̀	mushroom	mò tsú ~ mɛ̀ ʐú	mushroom	mù xí	mushroom	mǐ	mushroom			mrẽ̌	mushroom	mi³⁵	mushroom	mʐi¹³	mushroom	mʐi¹³	mushroom	mỹ³⁵	mushroom	NA	NA	NA	NA	NA	NA	NA	
200	#1016	ɕy³³ ɕya⁵⁵	moon	lə̀	moon	ɬə̀	moon	ɬì ɕʷǽ	moon			l̥iᴴ	moon			ɬi⁵⁵	moon	ɬi⁵⁵	moon	ɬi⁵⁵	moon	ɬi⁵⁵ ŋɯ⁵⁵	moon	lʰjị	2	60	��	2814	*S-lʰja		
109	#0034	tʃʰɿ⁵⁵	meat/flesh									ʂɨᶠ	meat/flesh	ʃtʃɨ̌	meat/flesh	ʂə⁵³	meat/flesh	ʃɤ⁵⁵	meat/flesh	ʃɤ⁵⁵	meat/flesh	ʃi⁵⁵	meat/flesh	śju 	2	2	��	2385			
152	#0458	tsʰu⁵⁵	lung	tsʰù	lung	tsʰoù	lung	tsʰù-pʰɑ́	lung	tsʰʉ̌	lung	tsʰʉᴿ	lung	tsʰʉ̌	lung	tsʰø¹³	lung	tsʰy¹³	lung	tsʰy¹³	lung	tsʰu⁵⁵	lung	tsə ̣	1		��	5105	*S-tsvt		
35		qɑ⁵⁵ suɑ³¹	lock			ʂuà	lock											sɑ¹³	lock	sɑ¹³	lock			NA	NA	NA	NA	NA	NA	NA	
111	#1390	sie⁵⁵	liver	ɕí ɹá	liver	sè	liver			tswẽ́	liver	tsɥɛ̃ᶠ	liver	tswǐ	liver	tsuẽ⁵³	liver	tsyɛ̃⁵⁵	liver	tsyɛ̃⁵⁵	liver	tsu³⁵	liver	sji	2	10	��	5273	*sje < *sjeN		
28	#2154	χgy³³	left			guì	left (hand)	wàʴ-tɕʰá	left-side	wɛ̌j	left							uɑ¹³	left	uɑ¹³	left	we³⁵	left	NA	NA	NA	NA	NA	NA	NA	
15		tə¹³-sy⁵⁵	learn/teach	só	learn/teach	soú	learn/teach	ɕwí	teach	swẽ́	learn/teach	sʉᴴ sɥɛ̃ᴸ	teach	swĩ́	teach	xə³⁵ suẽ⁵³	learn, teach	xə¹³ syẽ⁵⁵	learn, teach	sy⁵⁵ syɛ̃¹³	learn, teach	suɛ̃⁵⁵	learn, teach	NA	NA	NA	NA	NA	NA	NA	
34	#0045	dʐo²⁴¹	lean (of meat)													dʐɐ³⁵ mə⁵³	lean (of meat)	dʐə¹³ ti⁵⁵	lean (of meat)					NA	NA	NA	NA	NA	NA	NA	
197	#1108	dʐa³³	laugh	dzà ~ zà	laugh	dʐà	laugh	dʐɑ̌	laugh	nɐ-ɻ̥æ̃̌	laugh	ʴ̥aR	laugh	ʂɑ̌	laugh	ʂa³⁵	laugh	ʃɑ¹³	laugh	ʃɑ¹³	laugh	ʂɑ¹¹ ʂɑ⁵⁵	laugh	rjir	2	68	��	4335	*rjer		
99	#1612	tɕi⁵⁵ ko³³	house	tɕé kù	house	tɕí	house	tɕí	house	tʃṍ	house	tʃĩᴴ	house			tɕø̃⁵⁵	house	tʃə̃⁵⁵	house	tʃə̃⁵⁵	house	tɕĩ³⁵	house	jɨj 	2	37	��	2560			
163	#1431	ʐu⁵⁵	horse⁵³	ʐoù	horse⁵³	ʁò	horse⁵³	wǐ ~ wí	horse⁵³	gwĩ̌	horse⁵³	gɥɛ̃ᴸ	horse⁵³	ʒdʒĩ̌	horse⁵³	ɣuẽ³⁵	horse⁵³	sgyɛ̃¹³	horse⁵³	zgyɛ̃¹³	horse⁵³	ʐuẽ³⁵	horse⁵³	rjijr	1	74	��	764	*rjaŋ		
55		χtu³³	hold (baby) in arms	toù	hold (in arms)	ɦà tòu	hold closely																	tə ̣  	1	68	��	5486	*[S-tv]		
192		kua³³	hoe	tɕuà	hoe	kuà	hoe	kwæ̌	hoe							tɕya³⁵ dzə⁵⁵	hoe					tʂu³⁵ mɑ⁵⁵	hoe	kwạ	2	56	��	1752	*S-kwak		
57		χtie⁵⁵ mə⁵⁵	heart	ɕì mì	heart	tiè	heart	tì mí ~ tʰì mí	heart															njiij 	1	39	��	2518	*njeeN		
127		χmə³³	hair⁴⁸	χù	hair⁴⁸	mù	hair⁴⁸	hǔʴ	hair⁴⁸	qhʉ́ m̥æ̀	hair⁴⁸	khʉᴴ mãᴸ	hair⁴⁸			ma⁵⁵	hair⁴⁸	ma⁵⁵	hair⁴⁸	ma⁵⁵	hair⁴⁸	mã³⁵, mɛ̃i³⁵, qʰuo¹¹ mɛi³⁵	head hair	mjar	1	82	��	2600	*[r-m-]		
30	#5641	χɢɑ²⁴¹	gnaw¹⁴	ʁà ɕà	gnaw¹⁴			gɑ̀ʴ ɬɛ́	gnaw¹⁴	qǎ	gnaw¹⁴			χqɑ̌	bite			xə¹³ qɑ¹³	gnaw¹⁴					NA	NA	NA	NA	NA	NA	NA	
102	#0227	χtʂə⁵⁵	gall	tsɨ́	gall	tɕɨ́	gall			ʈə́	gall	kʴəᴴ	gall			tʂə⁵⁵	gall	tʂə⁵⁵	gall	tʂə⁵⁵	gall	tʂɿ³⁵	gall	kjɨɨr 	2	85	��	3582	*S-krvvt		
115	#1214	qə³¹ əʴ⁵⁵	front⁴³					kəʴ̌ ~ qə̌ʴ	front⁴³	ɹə́	front⁴³	ɹəᶠ	front⁴³					ʐə⁵⁵	front	ʐə⁵⁵	front			rjir	2	72	��	567	*rje		
181	#2796	dzuɑ³¹ pu⁵⁵ mɑ³³	frog⁵⁹	zò-piá	frog⁵⁹	dzò-piá	frog⁵⁹	dzù pǽ	frog⁵⁹			pɜᴴ diᴴ	frog⁵⁹	ɸpɒ́	frog⁵⁹			spɑ⁵⁵	frog⁵⁹	fpɑ⁵⁵	frog⁵⁹	pɐ⁵⁵ de⁵⁵	frog⁵⁹	piẹ	1	66	��	499	*S-pa		
169	#2255	qʰɑ³³ χguə³³	fox	qʰà guà	fox	qʰá guɚ̀	fox	wæ̌	fox			gɥɛᶠ	fox			guə⁵³	fox	sgyɛ¹³	fox	guɐ¹³ po⁵⁵	fox	ʐyə³⁵	fox	dźiə	1	28	��	1870	*[C-ŋg[j]-]		typo? LX twice in b.
182	#0335	tʂʰə⁵⁵	foot (measure)							ʈʰə́	foot⁶⁰	kʰʴəᴴ	foot⁶⁰	ʈʰɨ́	foot⁶⁰	tʂʰə⁵³	foot⁶⁰	tʂʰə⁵⁵	foot⁶⁰	tʂʰə⁵³	foot⁶⁰	tʂʰɿ⁵⁵	foot⁶⁰	kʰjɨ	1	30	��	3990			
92	#2253	pʰu⁵⁵	flee³⁶	dà pʰó	flee³⁶			dò pʰú	flee³⁶	pʰĩ̀	flee³⁶	pʰjɛ̃ᴿ	flee³⁶	ptʃʰĩ̌	flee³⁶			pʰʒã⁵⁵	flee³⁶	kʰə¹³ pʰʃã⁵⁵	flee³⁶	pʰã⁵⁵	flee³⁶	bọ 	2	62	��	2451	*S-mb-		
105	#2414	tsu⁵⁵ lu⁵⁵	flea							l̥ɛj́	flea	l̥ɜjᶠ	flea			ɬe⁵³	flea	ɬa⁵⁵	flea	ɬa⁵⁵	flea	ɬɛi⁵⁵	flea	lə 	2	25	��	4565	*li		
155	#2658	sie³³	firewood	ɕì	firewood	sè	firewood	sɛ́	firewood	sěŋ	firewood	sjẽᴿ	firewood			sẽ³⁵	firewood	siɛ̃¹³	firewood	siɛ̃¹³	firewood	sẽ⁵⁵	firewood	sji	1	11	��	4250	*sjiN		
165	#2249	qu³³	fear; be afraid	qò	fear difficulty	kòu	fear			kɐ̌	fear; be afraid	kjɜ̌	fear; be afraid			xiɐ³⁵	fear; be afraid	skiɛ¹³	fear; be afraid					kjạ	1	64	��	2539	*S-kjar	fear, dread	
188	#0681	mi⁵⁵	eye⁶⁴	ȵí má toù	eye⁶⁴	mù tié	eye⁶⁴	mí kjæ̀	eye⁶⁴	njæ HL	eye⁶⁴	mjaᶠ	eye⁶⁴	myɑ́N	eye⁶⁴	ȵiɛ⁵³	eye⁶⁴	miɑ⁵⁵	eye⁶⁴	miɑ⁵⁵	eye⁶⁴	ȵə³⁵	eye⁶⁴	mej	1	33	��	4684	*mej		
164	#0307	i³³ kye³³ kye³³	elbow													ʑɛ³⁵ ku³⁵	elbow	ʒɛ¹³ kʰu⁵⁵	elbow	ʒɛ⁵⁵ xqo¹³	elbow			kjiwr	1	79	��	1298			
36		zie³¹	easy			(pù) zɛ̀	easy	zə̌	easy							ʑe³⁵ ʑe⁵⁵ mə⁵³	easy	stʃɛ¹³ stʃɛ¹³	easy	ʃtʃɛ¹³ ʃtʃɛ⁵⁵	easy	dʑə³⁵ dʑə³⁵	easy	NA	NA	NA	NA	NA	NA	NA	
49		χbu³³	drum	bù	drum	bù	drum																	bar 	1	8	��	5528	*r-mbaˠŋ		
4	#3629	χbə²⁴¹	dragon	bú	dragon	bú	dragon									bʐo⁵⁵	dragon							NA	NA	NA	NA	NA	NA	NA	Possibly loans from Tibetan འ�ག་‘brug ‘dragon’ (Evans 2001b: 96).
110		tsʰie³³	deity⁴¹	tɕʰí	deity⁴¹	sé	deity⁴¹	sɨ́	deity⁴¹	hí	deity⁴¹	xeᴴ	deity⁴¹	ɕé	deity⁴¹			ɕe⁵⁵ tʃə̃⁵⁵	temple	ɕe⁵⁵ tʃə̃⁵⁵	temple			sji 	2	10	��	4953			
125	#1409	ȵi³¹ kie³³ bu²⁴¹	deaf	ȵì bò	deaf	bù	deaf	ȵí kwì bù	deaf	da bõ̌	deaf	bõᴿ	deaf			zɐ³⁵ bõ³⁵	deaf	sdə¹³ bõ¹³	deaf	zdə¹³ bõ¹³	deaf	zɑ¹¹ bũ⁵⁵	deaf	ba	1	17	��	1391	*mbaˠŋ		
51	#2465	mu³³	dark	ɦà-mù	dark	mò	dark																	mur  	1	75	��	3925	*r-m-	darkness	
112	#5658	tsʰu⁵⁵ ta⁵⁵	dance, jump	tsʰó tà	dance, jump	soú	dance, jump	sú tɛ̀	dance, jump	tsʰú	dance, jump	tsʰoᶠ	dance, jump			dʑɛ³⁵ tsʰo³⁵	dance, jump	tsʰa⁵⁵ tsʰo⁵⁵	dance, jump	xə¹³ tsʰo⁵⁵	dance, jump	tɕɯ⁵⁵ tsʰə⁵⁵	dance, jump	tsu	2	1	��	3788		stand up, rise, jump	
177	#3569	ly³³	come	lò	come	ȵù	come			ʑə̌	come	ʒɨᴿ	come			ju³⁵	come	i¹³	come	ʒə³⁵	come	li³⁵	come	lja	1	20	��	3456			
94	#5656	χde³³	cloud³⁷	dá mù	cloud³⁷	dá mò	cloud³⁷	dá	cloud³⁷			dĩᴴ	cloud³⁷	zdĩ́	cloud³⁷			sdĩ⁵⁵	cloud³⁷	zdĩ⁵⁵	cloud³⁷	dẽ³⁵	cloud³⁷	djɨj ̣ 	2	55	��	2738	*s-ndim		
170		dʐe³³	clear (of water)																	dʐuɛ̃¹³ si⁵⁵	clear (of water)			gjii	1	14	��	1598	*ŋgje	clear, clean	
9	#2763	tsʰuɑ⁵⁵	chop	tsʰuá dà	chop	tsʰoú tià	chop	tsʰwɑ́ tɛ̀	chop									tʰə¹³ stʃɑ⁵⁵	chop	tʰə¹³ ʃtʃɑ⁵⁵	chop			NA	NA	NA	NA	NA	NA	NA	
162		ʐɑ³³ pu³³	cave (mountain)					ɦɑ̀ pú	cave													ʐə¹¹ pu⁵⁵	cave	rar	1	80	��	1093		mountain	
22		ma³¹ ȵy⁵⁵	cat	má{ȵú} mé{ȵòu}	cat			mæ̀ ȵwí	cat			mɜᴸ tsɨᴿ	cat			mɐ³⁵ tsə⁵⁵	cat	mɐ¹³ tsə⁵⁵	cat			mu¹¹ ȵi⁵⁵	cat	NA	NA	NA	NA	NA	NA	NA	
56		tʰɑ³¹ bɑ³³	buttocks	tʰà bá	vulva																			tʰwɨ 	1	69	�� 	5518	*S-tʰu	vagina	
185	#1787	bʐe³³	break (v.i., of rope)	bà	break (v.i., of rope)	pʰɚ̌	break (v.i., of rope)							bʐɛ̌	snap (v.i.)	tə³⁵ bʐɛ³⁵	break (v.i., of rope)	tʰə¹³ pʐɛ¹³	break (v.i., of rope)					bja	2	17	��	4459	*mbjak		
161	#0232	ʐɑ³¹ kie³³	bone	ɹà ká	bone	ʐæ̀ ʁoù	bone	ɦàʴ kjɛ́	bone	ɹà qá	bone	ɹɜᴸ kɑᴴ	bone	rɑ́ qɑ̌	bone	rɛ³⁵ ka⁵³	bone	ʐɑ⁵⁵ qɑ¹³	bone	ʐɑ⁵⁵ qɑ¹³	bone	ʐɑ¹¹ qɑ⁵⁵	bone	rjɨr	1	86	��	2778	*rjvt		typo? TB in a.
2	#0075	pʰə³³	blow	phú	blow															pʰu⁵⁵ py⁵⁵	blow			NA	NA	NA	NA	NA	NA	NA	
154	#0230	sa³³	blood	sà	blood	sà	blood	sɑ̌	blood	sɛ̌j	blood	sɜjᴿ	blood	sǎ	blood	se³⁵	blood	sa¹³	blood	sa¹³	blood	sɛi³⁵	blood	sjij	1	36	��	2734	*sjej		
158	#2483	ȵi⁵⁵ ȵi³¹	black	ȵí ~ ȵì	black	nə̀	black	ȵǐ	black	njæ̌	black	njɑᴿ	black	ȵɑ̌N	black	ȵɛ³⁵ mə⁵³	black	ȵɑ³⁵	black	ȵɑ³⁵	black			njaa	1	21	��	176	*njaak		
168	#0229	qʰa⁵⁵	bitter⁵⁶	qʰà	bitter⁵⁶	qʰà	bitter⁵⁶	kʰɑ́ ~ qʰɑ́	bitter⁵⁶	qʰæ̌	bitter⁵⁶	kʰaᴿ	bitter⁵⁶	qʰɑ̌	bitter⁵⁶	kʰa³⁵ mə⁵³	bitter⁵⁶	qʰɑ¹³	bitter⁵⁶	qʰɑ¹³	bitter⁵⁶	qʰɑ⁵⁵	bitter⁵⁶	kʰie	1	9	��	4046	*[krv]		
126	#2187	bə³¹ dʑy³³	bee⁴⁷	bù-iù	bee⁴⁷	bù-ʑoú	bee⁴⁷	bù ʐú	bee⁴⁷	bʉ HL	bee⁴⁷	bɨᶠ	bee⁴⁷	bɨ́	bee⁴⁷					bʒɛ¹³ tʃə⁵⁵	bee⁴⁷	bi³⁵ lĩ⁵⁵	bee⁴⁷	bowr	1	81	��	2462	*rmb-		
8	#0370	tsʰuə⁵⁵ χmə³³	beard					tsʰə́ mù	beard							a³⁵ sõ⁵³	beard	a¹³ stiɑ̃u⁵⁵	beard			a³³ sũ⁵⁵	beard	NA	NA	NA	NA	NA	NA	NA	
42		χpa⁵⁵	be thirsty	tsù tə̀-pià	water directional-thirst	pià	be thirsty	tə̀-pǽ ~ tə̀-ɸǽ	be thirsty															pạ 	2	56	��	4532	*C-S-pja		
114	#1011	dʐe³³	be long	dʐé	be long	dʐé	be long	dʐí	be long	ɻǽŋ	be long			ʂã́	be long	ʂã⁵⁵ mə⁵³	be long	ʂã⁵⁵	be long	ʂã⁵⁵	be long	ʂã⁵⁵	be long	zjir	2	72	��	2858			
27		χgye³³	answer, reply (v.)	guà	answer, reply (v.)															tə¹³ gui³⁵ ski⁵⁵	answer, reply (v.)			NA	NA	NA	NA	NA	NA	NA	
5						kú~kù	harvest/reap	ɦɛ̀ kwɛ́	harvest/reap											xə¹³ kɯ⁵⁵	harvest/reap	kɯ⁵⁵ ʐe⁵⁵	harvest/reap	NA	NA	NA	NA	NA	NA	NA	
6				qù quá	fight/go to war	dʐuɛ̀ quá	fight/go to war	dʑɛ̀ quá												qo⁵⁵ qua⁵⁵	fight/go to war			NA	NA	NA	NA	NA	NA	NA	
7				tsɨ́	life															tsi⁵⁵	lifespan	tsi³⁵	life	NA	NA	NA	NA	NA	NA	NA	
11				tɕʰí	stab	tsʰoú	stab													tsʰu⁵⁵~xə¹³ tɕʰu⁵⁵	stab			NA	NA	NA	NA	NA	NA	NA	
12						tʂʰuá	rinse/flush													tʃʰõ⁵⁵	rinse/flush			NA	NA	NA	NA	NA	NA	NA	
13								dʑí	direction	dʑí	direction													NA	NA	NA	NA	NA	NA	NA	
14	#2745			ɕó	clear/clean	ɕó té	clear/clean			ʂṍ	clear/clean	ʂõᴴ	clear/clean			ʂã⁵⁵ n̥iɛ⁵⁵ mə⁵³	clear/clean	ʂõ⁵⁵ ne⁵⁵	clear/clean			ʂã⁵⁵	clear/clean	NA	NA	NA	NA	NA	NA	NA	
17								ɦæ̀ -ʑwǽ	obstruct	ɐ̀ - ʐwĩ́	obstruct									kʰə¹³ ʐa⁵⁵	obstruct	xa¹¹ ʐo⁵⁵	obstruct	NA	NA	NA	NA	NA	NA	NA	
18	#2221					ʑé	delicious	ʑí	delicious	ʐṍ	delicious	ʒĩᴴ				ʐẽ⁵⁵ mə⁵³	delicious	ʐə̃⁵⁵ ti¹³	delicious	ʒẽ⁵⁵ ti⁵⁵	delicious	ʑĩ³⁵	delicious	NA	NA	NA	NA	NA	NA	NA	
19						ʐɛ́	soup							rã̌	soup	rɛ̃⁵⁵	soup	ʂɑ¹³ ʐã⁵⁵	soup	ʂɑ¹³ ʐã⁵⁵	soup			NA	NA	NA	NA	NA	NA	NA	
21				mù lé	warm self by fire											ma³⁵ liã⁵⁵	warm self by fire	mɐ¹³ lɛ̃⁵⁵	warm self by fire	mɐ¹³ lɛ̃⁵⁵	warm self by fire	ma³⁵ ɬə̃⁵⁵	warm self by fire	NA	NA	NA	NA	NA	NA	NA	
24				tò	plow (n.)	tò kè	plow (n.)	tù kwǽ	plow (n.)											tɑ̃u⁵⁵	plow (n.)	tũ³⁵	plow (n.)	NA	NA	NA	NA	NA	NA	NA	
25	#2252			ỳ kʰù	owl	kuì tòŋ kʰò	owl	mǽ kʰwì	owl													kʰɑ̃³⁵		NA	NA	NA	NA	NA	NA	NA	
26				gò	stone					gʉ̀ ɖóŋ	stone	gʉᴸ bõᴴ	stone					sgø¹³	stone	zgø¹³	stone	guo¹¹ lũ⁵⁵	stone	NA	NA	NA	NA	NA	NA	NA	
29				què	bundle	quà	bundle															(tə⁵⁵) qã¹¹	bunch/bundle	NA	NA	NA	NA	NA	NA	NA	
37				ì	give birth	ʑì	give birth			ʑì	give birth													NA	NA	NA	NA	NA	NA	NA	
39	#0671			dà zì	snow, hail (v.)			pɔ̌-ʐɨ̀ lwìlwí	hail (lit. snow-hail + round)							ʑẽ³⁵	hail (n.)					zẽ³⁵	hail (n.)	NA	NA	NA	NA	NA	NA	NA	
40	#1716			hà há pù	yawn	χà pú	yawn			hɑ̀ ɕə̀	yawn											xɑ¹¹ xe¹¹	yawn	NA	NA	NA	NA	NA	NA	NA	
41				sɨ̀ pí	priest	pí	priest	ɕwì pí	shìbi															pjạ	2	57	��	3280	*[S-pj-]	sorcerer	
43								kʰəʴ́~qʰə́ʴ	rice (raw)															kʰie 	2	8	��	5868	*kʰe		
44				tsʰú tá	cough			tə̀-tsʰú	cough															tsụ	2	51	��	4615	*S-tso		
45				tɕʰý	enclose (sheep)	kʰuí	enclose (sheep)	tɕʰwí	enclose															kʰwa 	2	14	��	2758			
46				sú	live²¹																			sjwụ  	2	52	�� also written 0487 �� 	2048	*S-sjo		
47								mǽ kʰwì	owl															mej 	2	30	��	2656			
53				mì	feed, raise	mù	feed, raise	mǐ	feed, raise															mji 	1	11	��	4542	*mej		
54				qò mì	wound (n.)																			mjạ 	1	64	��	5628	*S-mjat	wound, scar	
58				gù	solid, durable																			gjwɨ 	1	30	��	2472	*ŋgut		
60	#3333			suà kà	tail²⁵	suà kè	tail²⁵	sù kjɛ́	tail²⁵															sji 	1	11	�� 	4095	*[swa]		
62				lə̀	vapor	lè	vapor																	lwew 	1	43	��	3299			
64										pú H	wide/broad			ɸpə́w	wide/broad	po⁵⁵ mə⁵³	wide/broad	spo⁵⁵	wide/broad	fpo⁵⁵	wide/broad	po⁵⁵	wide/broad	wạ 	2	56	��	3310	*[S-pv]	vast, wide, extensive²⁶	
65										pɑ̌	leaf	sɜᴸ pɑᴴ	leaf			pa³⁵	leaf	sɐ¹³ fpɑ⁵⁵	leaf	sɐ¹³	leaf	pɑ⁵⁵	leaf	bạ 	2	56	��	4567	*S-mbak		
66	#5646											pʰʴəᴴ	untie			tʰə³⁵ pʰʐə⁵³	untie²⁷ 	tʰə¹³ pʰʐɯ⁵⁵	untie²⁷ 					pʰie 	2	8	��	5390	*pʰre		
67	#5556																					nə¹¹ pʰə⁵⁵, nɑ¹¹ pʰɑ⁵⁵	throw out	pʰə 	2	25	��	2719		throw, abandon	
68										bʉ́	sun	bɨᴴ	sun			bʉ⁵³	sun	by⁵⁵	sun	by⁵⁵	sun	bi³⁵	sun	be 	2	20	��	2449	*mbe		
69	#5713									bǽ	duck	baᴴ	duck²⁹			ba³⁵	duck²⁹							bə 	2	25	��	3301	*[mbv]	mandarin duck	
70												tʰuᴴ	sheep, male; ram											tʰu 	2	1	��	5716			
71										qǔ	blind	kuᴴ	blind											ku 	2	4	��	328			
72	#2531									ní	red, unripe, green, blue	niᴴ	green, blue³⁰			ȵi⁵⁵ na⁵⁵ mə⁵³	green, blue³⁰							ŋwər 	2	76	��	654	*rŋwv	dark green	
73																				ʒɑ̃u⁵⁵ li⁵⁵	lamb, kid	ji⁵⁵ tsɿ⁵⁵	lamb, kid	ljij 	2	55	��	5987		lamb, kid	
74										pʰɑ̌	half	pʰɑᴿ	half			pʰa³⁵	half			pʰa⁵⁵ tɕi¹³	half			pʰa 	1	17	��	3936	*pʰak		
75																		pʰɑ¹³ lɑ⁵⁵		pʰɑ¹³ lɑ⁵⁵	butterfly			pjạ 	1	20	��	538	*S-pja		
76										bǐŋ	fly	bjɛ̃ᴿ	fly											dźjow 	1	56	��	2262	*mbjvm		
77										m̥ə̀	blow	m̥uᴿ	blow	m̥ə̃̌	blow	xə³⁵ m̥ə³⁵	blow			kʰə¹³ m̥ə¹³	blow	to³⁵	blow	məə  	1	31	��	2128	*mvvt		
78	#3560													{mə́} ɬyé	tail	mɐ̃³⁵ ɬio⁵³	tail	mɐ¹³ ɬiɛ⁵⁵	tail	mɐ¹³ ɬiɛ⁵⁵	tail	mã³⁵	tail	mjiij 	1	39	��	5677	*mjeej		
79																xə³⁵ tui³⁵	choke							tjwi 	1	11	��	4016			
80																tɕyi³⁵	shoe	tsyi¹³	shoe	tsyi¹³	shoe	tsui³⁵	shoe	zjị 	1	67	��	1321	*C-S-tsja		
81	#0418													tɐ-tsɛ̌j / tsǎ	joint					tsi⁵⁵	joint	tsɛi³⁵	joint	tswer 	1	87	��	4739	*r-tsvk		typo in doc: DY twice
82	#3586											ʈʂʰeᴿ	feed³²							tʰə¹³ stʃʰɛ¹³	feed³²			tjị 	1	67	��	4582	*[S-trv]		
83	#3604											dzõᴿ	bridge			dzã³⁵	bridge	dziɑ̃u¹³	bridge	dziɑ̃u¹³	bridge	dzã³⁵	bridge	dzow 	1	54	��	2584	*ndzvm		
84										lɛ̀j	heavy													ljɨɨ 	1	32	��	2737			
85	#3560									lɛ̌j	seed					le³⁵	seed	la⁵⁵	seed	la⁵⁵	seed	lɛi³⁵	seed	ljwi 	1	11	��	5819			
86	#0392											l̥oᴿ	forehead	ɬǒ	forehead³³	ɬo³⁵	forehead³³	ɬo¹³	forehead³³	ɬo¹³	forehead³³			ljạ 	1	64	��	791	*S-lja		
87												l̥iᴿ	shepherd (v.)			ɬi³⁵	graze (v.t.)							lʰew 	1	43	��	993	*lʰvk		
88										ɻǐ	obtain	riᴿ	obtain											rjir 	1	79	��	1599			
89	#0231									qʰwɑ̌	bowl	kʰwɑᴿ	bowl			kʰua³⁵	bowl	kʰuɑ¹³	bowl	kʰuɑ¹³	bowl			kʰu 	1	4	��	4189	*kʰo		
90						pá pù	pretend, feign	ɸɑʴ́ ~ fɑ́ʴ	pretend³⁴	pʉ́	to do	pɑᶠ	to do											wjị 	2	60	��	1498	*C-S-pja		
96				qá tsʰé	separate, sever	kiè ká	separate, sever													xə¹³ kʰe⁵⁵	separate (v.)	kʰə¹¹ kʰe⁵⁵ nə¹¹ ʃi¹¹	separate (v.)	kar 	2	73	��	4480	*r-kat		
98				qí pù	cuckoo	koú pù	cuckoo			qí pù	cuckoo									qei⁵⁵ pu¹³	cuckoo	kɯ¹¹ pu⁵⁵	cuckoo	ɣjiw 	2	40	��	2208			
101								tswɛ́	be sour	ʈʂú	be sour	ʈʂuᴴ	be sour	tʃú	be sour									tśʰjwɨr 	2	77	��	2739			
106	#5577							ʑì lwí	wait											xə¹³ liõ⁵⁵ ku⁵⁵	wait			ljiij 	2	35	��	5522	*ljaaŋ		
116						bʐě	snake⁴⁴			bʉ ɻɛȷ́	snake⁴⁴					bɐ³⁵	snake⁴⁴	bɐ¹³ ʐɑ⁵⁵	snake⁴⁴	bɐ¹³ ʐɑ⁵⁵	snake⁴⁴	bu¹¹ ʐɛi⁵⁵	snake⁴⁴	pʰio	2	43	��	80			no tone for 2nd syllable in LP?
117	#6028			ió	sheep	ioú	sheep			ʐṍ	sheep	ʐõᴴ	sheep	zʒoṹ	sheep	ʐã⁵⁵	sheep	ʒɑ̃u⁵⁵	sheep	ʒɑ̃u⁵⁵	sheep	ʒõ³⁵	sheep	.jij	2	33	��	3452	*jaŋ		
120	#1293			pù	pus	pù	pus							ɸpɨ̌	pus			spy¹³	pus	fpy¹³	pus	pu⁵⁵	pus	pə	1	68	��	5274	*S-pu		typo? DY NWZ? is it NWZ or DY form?
122				pʰà	splash/sprinkle	(tsuɛ̀) pʰɛ̀	splash/sprinkle													pʂɛ¹³	splash/sprinkle	pʐɛ̃⁵⁵	splash/sprinkle	pʰər	1	84	��	4652	*[prv]		
128	#0676			tuà liò	hammer (n.)	tuà liò	hammer (n.)			tɑ̌	to hammer⁴⁹					xə³⁵ ta³⁵	to hammer⁴⁹	xə¹³ stɑ¹³	to hammer⁴⁹					ta	1	17	��	5299			
129				ȵò	drill, auger																	ȵ̩ĩ¹¹ by³⁵	drill (v.)	nu	1	1	��	4909		drill, bore	
130				tʰiò	trip hammer for hulling rice⁵⁰									ʃtʃǐ	trip hammer for hulling rice⁵⁰					ʃtʃi¹³	trip hammer for hulling rice⁵⁰			tsowr	1	91	��	868	*[r-Cv]		
131																															
132																															
133																															
134																															
135																															
136																															
137																															
138																															
139																															
140																															
141																															
142																															
143																															
144																															
145																															
146																															
147																															
148																															
149																															
151				tsù	small	tsù ~ tsú	small	tsə̌	small	qʰɐ tsɛ̌j	small	kɜᴸ tsɜjᴿ	small			ka³⁵ tse³⁵ mə⁵³	small	qa¹³ tsɛ³⁵	small	qa¹³ tsɛ¹³	small			tsəj	1		��	3798	*tsij		
153	#0042			tsʰɨ̀	fat (of humans)					tsʰə̀	fat					tsʰə³⁵	fat	tsʰɤ¹³	fat	tsʰɤ¹³	fat	tsʰɿ³⁵	fat	tsʰwu	1		��	984	*tsʰo		
156				sò,	hemp⁵²			sǔ	hemp⁵²	sǔ	hemp⁵²			sɑ̌w	hemp⁵²					sɑu¹³	hemp⁵²	so³⁵	hemp⁵²	se	1	8	��	2456			
159						nə̀	snivel					n̥̥ɑ̃ᴿ	snivel	n̥æ̃̌	snot									nạ	1	63	��	5731	*S-nap		
171	#0096			ɹà,	write⁵⁷	ɕà	write⁵⁷			ɖʉ̌	write⁵⁷	dʐʉᴿ	write⁵⁷											rjar	1	82	��	1715	*rjat		
172				zɨ̀ ʑé	circle⁵⁸											rua⁵⁵ mə⁵³	circle⁵⁸	ʐuɐ¹³ ʐuɐ¹³	circle⁵⁸	ʐuɐ¹³ ʐuɐ¹³	circle⁵⁸	ʐu¹¹ ʐuə⁵⁵	circle⁵⁸	ror	2	80	��	2757			
174				zà	sticky	pià dzà	sticky									dzu³⁵ mə⁵³	thick, sticky	dzy¹³	thick, sticky	dʑa¹³ ti⁵⁵	sticky, glutinous	dzu³⁵	thick, sticky	dzə̣	1	68	��	3650	*[S-ndzv]		
175	#5438							dʐə̌	melt	ɖʐæ̌	melt													dźji	1	10	��	3956	*ndrje		
176	#1248			lià qə̀	penis	lià qɛ̀	penis	lǐ	penis					lɒ̀ dɒ̌	testicle									leej	1	37	��	5106			
178				lò	return to a place															xə¹³ lo¹³	return			lja	1	20	��	3502		return, transport	
187	#0017			mó	corpse⁶³	mó	corpse⁶³	mì múʴ	corpse⁶³	mǔ	corpse⁶³	muᴿ	corpse⁶³							ȵi⁵⁵ mu⁵⁵	corpse⁶³	mi³⁵ mũ⁵⁵	corpse⁶³	mjij	1	39	��	2192	*mjaaŋ		
196	#0127			(ɦà) mà zè	sleep⁶⁸	mɛ̀ ʑɛ̀ -qɛ̀ tuá	nod off			ʑə̌	sleep⁶⁸					kʰə³⁵ ʑi³⁵	sleep⁶⁸	nə¹³ ʒə¹³	sleep⁶⁸	nə¹³ ʒə¹³	sleep⁶⁸	kʰɯ¹¹ ʑɯ⁵⁵	sleep⁶⁸	.jɨ	2	42	��	5136	*jvp		
202	#2550			pià	hide self																			wa	2	14	��	1360	*C-pak		
203	#2772											pɨᶠ	axe⁷⁰	ɸpɨ́	axe⁷⁰					fpy⁵⁵	axe⁷⁰	pi⁵⁵	axe⁷⁰	.wjị	1	67	��	5203	*C-S-pja		
204				ɹà lì	lower seat (not honored)	ʐí lè	lower seat (not honored)																	lu	2	1	��	3819			
205																															
																															
																															
																															
																															
																															
																															
																															
																															
																															
																															
																															
																															
																															
																															
																															
																															
																															
																															
																															
																															
																															
																															
																															
																															
																															
																															
																															
																															
																															
																															
																															
																															
																															
																															
																															
																															
																															
																															
																															
																															
																															
																															
																															
																															
																															
																															
																															
																															
																															
																															
																															
																															
																															
																															
																															
																															
																															
																															
																															
																															
																															
																															
																															
																															
																															
																															
																															
																															
																															
																															
																															
																															
																															
																															
																															
																															
																															
																															
																															
																															
																															
																															
																															
																															
																															
																															
																															
																															
																															
																															
																															
																															
																															
																															
																															
																															
																															
																															
																															
																															
																															
																															
																															
																															
																															
																															
																															
																															
																															
																															
																															
																															
																															
																															
																															
																															
																															
																															
																															
																															
																															
																															
																															
																															
																															
																															
																															
																															
																															
																															
																															
																															
																															
																															
																															
																															
																															
																															
																															
																															
																															
																															
																															
																															
																															
																															
																															
																															
																															
																															
																															
																															
																															
																															
																															
																															
																															
																															
																															
																															
																															
																															
																															
																															
																															
																															
																															
																															
																															
																															
																															
																															
																															
																															
																															
																															
																															
																															
																															
																															
																															
																															
																															
																															
																															
																															
																															
																															
																															
																															
																															
																															
																															
																															
																															
																															
																															
																															
																															
																															
																															
																															
																															
																															
																															
																															
																															
																															
																															
																															
																															
																															
																															
																															
																															
																															
																															
																															
																															
																															
																															
																															
																															
																															
																															
																															
																															
																															
																															
																															
																															
																															
																															
																															
																															
																															
																															
																															
																															
																															
																															
																															
																															
																															
																															
																															
																															
																															
																															
																															
																															
																															
																															
																															
																															
																															
																															
																															
																															
																															
																															
																															
																															
																															
																															
																															
																															
																															
																															
																															
																															
																															
																															
																															
																															
																															
																															
																															
																															
																															
																															
																															
																															
																															
																															
																															
																															
																															
																															
																															
																															
																															
																															
																															
																															
																															
																															
																															
																															
																															
																															
																															
																															
																															
																															
																															
																															
																															
																															
																															
																															
																															
																															
																															
																															
																															
																															
																															
																															
																															
																															
																															
																															
																															
																															
																															
																															
																															
																															
																															
																															
																															
																															
																															
																															
																															
																															
																															
																															
																															
																															
																															
																															
																															
																															
																															
																															
																															
																															
																															
																															
																															
																															
																															
																															
																															
																															
																															
																															
																															
																															
																															
																															
																															
																															
																															
																															
																															
																															
																															
																															
																															
																															
																															
																															
																															
																															
																															
																															
																															
																															
																															
																															
																															
																															
																															
																															
																															
																															
																															
																															
																															
																															
																															
																															
																															
																															
																															
																															
																															
																															
																															
																															
																															
																															
																															
																															
																															
																															
																															
																															
																															
																															
																															
																															
																															
																															
																															
																															
																															
																															
																															
																															
																															
																															
																															
																															
																															
																															
																															
																															
																															
																															
																															
																															
																															
																															
																															
																															
																															
																															
																															
																															
																															
																															
																															
																															
																															
																															
																															
																															
																															
																															
																															
																															
																															
																															
																															
																															
																															
																															
																															
																															
																															
																															
																															
																															
																															
																															
																															
																															
																															
																															
																															
																															
																															
																															
																															
																															
																															
																															
																															
																															
																															
																															
																															
																															
																															
																															
																															
																															
																															
																															
																															
																															
																															
																															
																															
																															
																															
																															
																															
																															
																															
																															
																															
																															
																															
																															
																															
																															
																															
																															
																															
																															
																															
																															
																															
																															
																															
																															
																															
																															
																															
																															
																															
																															
																															
																															
																															
																															
																															
																															
																															
																															
																															
																															
																															
																															
																															
																															
																															
																															
																															
																															
																															
																															
																															
																															
																															
																															
																															
																															
																															
																															
																															
																															
																															
																															
																															
																															
																															
																															
																															
																															
																															
																															
																															
																															
																															
																															
																															
																															
																															
																															
																															
																															
																															
																															
																															
																															
																															
																															
																															
																															
																															
																															
																															
																															
																															
																															
																															
																															
																															
																															
																															
																															
																															
																															
																															
																															
																															
																															
																															
																															
																															
																															
																															
																															
																															
																															
																															
																															
																															
																															
																															
																															
																															
																															
																															
																															
																															
																															
																															
																															
																															
																															
																															
																															
																															
																															
																															
																															
																															
																															
																															
																															
																															
																															
																															
																															
																															
																															
																															
																															
																															
																															
																															
																															
																															
																															
																															
																															
																															
																															
																															
																															
																															
																															
																															
																															
																															
																															
																															
																															
																															
																															
																															
																															
																															
																															
																															
																															
																															
																															
																															
																															
																															
																															
																															
																															
																															
																															
																															
																															
																															
																															
																															
																															
																															
																															
																															
																															
																															
																															
																															
																															
																															
																															
																															
																															
																															
																															
																															
																															
																															
																															
																															
																															
																															
																															
																															
																															
																															
																															
																															
																															
																															
																															
																															
																															
																															
																															
																															
																															
																															
																															
																															
																															
																															
																															
																															
																															
																															
																															
																															
																															
																															
																															
																															
																															
																															
																															
																															
																															
																															
																															
																															
																															
																															
																															
																															
																															
																															
																															
																															
																															
																															
																															
																															
																															
																															
																															
																															
																															
																															
																															
																															
																															
																															
																															
																															
																															
																															
																															
																															
																															
																															
																															
																															
																															
																															
																															
																															
																															
																															
																															
																															
																															
																															
																															
																															
																															
																															
																															
