ID,Form_ID,Form,Cognateset_ID,Doubt,Cognate_Detection_Method,Source,Alignment,Alignment_Method,Alignment_Source,STEDT
Taoping-253_year-1-1,Taoping-253_year-1,pə³³,118,false,expert,Sims2020,,,,
Longxi-253_year-1-1,Longxi-253_year-1,pù,118,false,expert,Sims2020,,,,
Mianchi-253_year-1-1,Mianchi-253_year-1,pù,118,false,expert,Sims2020,,,,
Yonghe-135_oneyear-1-1,Yonghe-135_oneyear-1,ə́-pù,118,false,expert,Sims2020,,,,
Wadu-253_year-1-1,Wadu-253_year-1,pʉ̀,118,false,expert,Sims2020,,,,
Dayang-253_year-1-1,Dayang-253_year-1,pɨ̀,118,false,expert,Sims2020,,,,
Taoba-253_year-1-1,Taoba-253_year-1,pu⁵³,118,false,expert,Sims2020,,,,
Qinghua-253_year-1-1,Qinghua-253_year-1,pə¹³,118,false,expert,Sims2020,,,,
Lanping-253_year-1-1,Lanping-253_year-1,pə¹³,118,false,expert,Sims2020,,,,
Jiulong-253_year-1-1,Jiulong-253_year-1,pi⁵³,118,false,expert,Sims2020,,,,
Taoping-247_who-1-1,Taoping-247_who-1,sɨ⁵⁵,108,false,expert,Sims2020,,,,#5632
Longxi-247_who-1-1,Longxi-247_who-1,sɨ́,108,false,expert,Sims2020,,,,#5632
Mianchi-247_who-1-1,Mianchi-247_who-1,ʂí_lè,108,false,expert,Sims2020,,,,#5632
Yonghe-247_who-1-1,Yonghe-247_who-1,sɨ́,108,false,expert,Sims2020,,,,#5632
Wadu-247_who-1-1,Wadu-247_who-1,hĩ̂,108,false,expert,Sims2020,,,,#5632
Niuwozi-247_who-1-1,Niuwozi-247_who-1,xɜᴴ,108,false,expert,Sims2020,,,,#5632
Taoba-247_who-1-1,Taoba-247_who-1,xɛ⁵⁵,108,false,expert,Sims2020,,,,#5632
Qinghua-247_who-1-1,Qinghua-247_who-1,xɛ⁵⁵,108,false,expert,Sims2020,,,,#5632
Lanping-247_who-1-1,Lanping-247_who-1,xɛ⁵⁵,108,false,expert,Sims2020,,,,#5632
Taoping-246_white-1-1,Taoping-246_white-1,pʐi⁵⁵,183,false,expert,Sims2020,,,,#3608
Longxi-246_white-1-1,Longxi-246_white-1,pʰé,183,false,expert,Sims2020,,,,#3608
Mianchi-246_white-1-1,Mianchi-246_white-1,pʂí,183,false,expert,Sims2020,,,,#3608
Yonghe-246_white-1-1,Yonghe-246_white-1,pʰjí,183,false,expert,Sims2020,,,,#3608
Wadu-246_white-1-1,Wadu-246_white-1,ʈʰṍ,183,false,expert,Sims2020,,,,#3608
Niuwozi-246_white-1-1,Niuwozi-246_white-1,pʰʴĩᴴ,183,false,expert,Sims2020,,,,#3608
Dayang-246_white-1-1,Dayang-246_white-1,pʰʂẽ́,183,false,expert,Sims2020,,,,#3608
Taoba-246_white-1-1,Taoba-246_white-1,pʰʐã⁵⁵_mə⁵³,183,false,expert,Sims2020,,,,#3608
Qinghua-246_white-1-1,Qinghua-246_white-1,pʰʐə̃⁵⁵,183,false,expert,Sims2020,,,,#3608
Lanping-246_white-1-1,Lanping-246_white-1,pʰʂə̃⁵⁵,183,false,expert,Sims2020,,,,#3608
Jiulong-246_white-1-1,Jiulong-246_white-1,pʰʐĩ⁵⁵_lø⁵⁵_lø¹¹,183,false,expert,Sims2020,,,,#3608
Taoping-242_weigh-1-1,Taoping-242_weigh-1,tɕʰe⁵⁵,95,false,expert,Sims2020,,,,#2312
Longxi-245_weightgrain-1-1,Longxi-245_weightgrain-1,tɕʰì_tɕʰí,95,false,expert,Sims2020,,,,#2312
Mianchi-244_weighgrain-1-1,Mianchi-244_weighgrain-1,tɕʰé,95,false,expert,Sims2020,,,,#2312
Taoba-242_weigh-1-1,Taoba-242_weigh-1,tə⁵⁵_tɕɛ⁵³,95,false,expert,Sims2020,,,,#2312
Lanping-243_weighfood-1-1,Lanping-243_weighfood-1,tə⁵⁵_tɕi⁵⁵,95,false,expert,Sims2020,,,,#2312
Jiulong-243_weighfood-1-1,Jiulong-243_weighfood-1,tɯ⁵⁵_ke⁵⁵,95,false,expert,Sims2020,,,,#2312
Taoping-241_weep-1-1,Taoping-241_weep-1,ŋə⁵⁵,104,false,expert,Sims2020,,,,#1104
Longxi-241_weep-1-1,Longxi-241_weep-1,ŋú,104,false,expert,Sims2020,,,,#1104
Wadu-241_weep-1-1,Wadu-241_weep-1,qwé,104,false,expert,Sims2020,,,,#1104
Niuwozi-241_weep-1-1,Niuwozi-241_weep-1,kwɜjᴴ,104,false,expert,Sims2020,,,,#1104
Taoba-241_weep-1-1,Taoba-241_weep-1,xue⁵⁵,104,false,expert,Sims2020,,,,#1104
Qinghua-241_weep-1-1,Qinghua-241_weep-1,squa⁵⁵,104,false,expert,Sims2020,,,,#1104
Lanping-241_weep-1-1,Lanping-241_weep-1,χquɑ⁵⁵,104,false,expert,Sims2020,,,,#1104
Jiulong-241_weep-1-1,Jiulong-241_weep-1,kuɛ⁵⁵,104,false,expert,Sims2020,,,,#1104
Taoping-240_weave-1-1,Taoping-240_weave-1,tia³³,150,false,expert,Sims2020,,,,#2686
Longxi-240_weave-1-1,Longxi-240_weave-1,tɕà,150,false,expert,Sims2020,,,,#2686
Mianchi-240_weave-1-1,Mianchi-240_weave-1,tià,150,false,expert,Sims2020,,,,#2686
Yonghe-240_weave-1-1,Yonghe-240_weave-1,tæ̌,150,false,expert,Sims2020,,,,#2686
Wadu-240_weave-1-1,Wadu-240_weave-1,tɕæ̌,150,false,expert,Sims2020,,,,#2686
Dayang-240_weave-1-1,Dayang-240_weave-1,tʂɒ̌,150,false,expert,Sims2020,,,,#2686
Taoba-240_weave-1-1,Taoba-240_weave-1,nə³⁵_tɕɛ³⁵,150,false,expert,Sims2020,,,,#2686
Lanping-240_weave-1-1,Lanping-240_weave-1,tʃɑ¹³,150,false,expert,Sims2020,,,,#2686
Taoping-232_urine-1-1,Taoping-232_urine-1,bie²⁴¹,186,false,expert,Sims2020,,,,
Longxi-232_urine-1-1,Longxi-232_urine-1,bí,186,false,expert,Sims2020,,,,
Mianchi-232_urine-1-1,Mianchi-232_urine-1,biě,186,false,expert,Sims2020,,,,
Yonghe-231_urinate-1-1,Yonghe-231_urinate-1,bɨ́,186,false,expert,Sims2020,,,,
Wadu-232_urine-1-1,Wadu-232_urine-1,bĩ̂,186,false,expert,Sims2020,,,,
Niuwozi-232_urine-1-1,Niuwozi-232_urine-1,biẽᶠ,186,false,expert,Sims2020,,,,
Dayang-232_urine-1-1,Dayang-232_urine-1,βbĩ́,186,false,expert,Sims2020,,,,
Taoping-227_tree-1-1,Taoping-227_tree-1,pʰo⁵⁵,91,false,expert,Sims2020,,,,
Longxi-227_tree-1-1,Longxi-227_tree-1,ɕì_pʰù,91,false,expert,Sims2020,,,,
Mianchi-227_tree-1-1,Mianchi-227_tree-1,pʰò,91,false,expert,Sims2020,,,,
Yonghe-227_tree-1-1,Yonghe-227_tree-1,pʰú,91,false,expert,Sims2020,,,,
Wadu-227_tree-1-1,Wadu-227_tree-1,bóŋ,91,false,expert,Sims2020,,,,
Qinghua-227_tree-1-1,Qinghua-227_tree-1,siɛ̃¹³_sbõ⁵⁵,91,false,expert,Sims2020,,,,
Lanping-227_tree-1-1,Lanping-227_tree-1,siɛ̃¹³_vbõ⁵⁵,91,false,expert,Sims2020,,,,
Jiulong-227_tree-1-1,Jiulong-227_tree-1,sẽ¹¹_bũ⁵⁵,91,false,expert,Sims2020,,,,
Taoping-226_tread-1-1,Taoping-226_tread-1,tɕʰya³¹,31,false,expert,Sims2020,,,,
Longxi-226_tread-1-1,Longxi-226_tread-1,tɕʰuà_ȵí,31,false,expert,Sims2020,,,,
Mianchi-226_tread-1-1,Mianchi-226_tread-1,tɕʰyà,31,false,expert,Sims2020,,,,
Yonghe-226_tread-1-1,Yonghe-226_tread-1,tsʰwæ̀_ȵwí,31,false,expert,Sims2020,,,,
Taoba-226_tread-1-1,Taoba-226_tread-1,nə³⁵_tɕʰo⁵⁵,31,false,expert,Sims2020,,,,
Qinghua-226_tread-1-1,Qinghua-226_tread-1,nə¹³_tʂʰɯ¹³,31,false,expert,Sims2020,,,,
Lanping-226_tread-1-1,Lanping-226_tread-1,nə¹³_tʂʰɯ¹³,31,false,expert,Sims2020,,,,
Taoping-225_tooth-1-1,Taoping-225_tooth-1,suə⁵⁵,194,false,expert,Sims2020,,,,#0632
Longxi-225_tooth-1-1,Longxi-225_tooth-1,sù,194,false,expert,Sims2020,,,,#0632
Mianchi-82_gums-1-1,Mianchi-82_gums-1,sú-nə̀,194,false,expert,Sims2020,,,,#0632
Yonghe-225_tooth-1-1,Yonghe-225_tooth-1,ɕwí,194,false,expert,Sims2020,,,,#0632
Wadu-225_tooth-1-1,Wadu-225_tooth-1,ɻ̥ʉ́,194,false,expert,Sims2020,,,,#0632
Niuwozi-225_tooth-1-1,Niuwozi-225_tooth-1,ɹ̥ʉᶠ,194,false,expert,Sims2020,,,,#0632
Dayang-225_tooth-1-1,Dayang-225_tooth-1,ʂóu,194,false,expert,Sims2020,,,,#0632
Taoba-225_tooth-1-1,Taoba-225_tooth-1,ʂu⁵³,194,false,expert,Sims2020,,,,#0632
Qinghua-225_tooth-1-1,Qinghua-225_tooth-1,ʂy⁵⁵,194,false,expert,Sims2020,,,,#0632
Lanping-225_tooth-1-1,Lanping-225_tooth-1,ʂy⁵⁵,194,false,expert,Sims2020,,,,#0632
Jiulong-225_tooth-1-1,Jiulong-225_tooth-1,xui⁵⁵,194,false,expert,Sims2020,,,,#0632
Taoping-224_tongue-1-1,Taoping-224_tongue-1,zɿ³¹_qə⁵⁵,199,false,expert,Sims2020,,,,#0621
Longxi-224_tongue-1-1,Longxi-224_tongue-1,zə̀_qə̀,199,false,expert,Sims2020,,,,#0621
Mianchi-224_tongue-1-1,Mianchi-224_tongue-1,zɨ̀_qé,199,false,expert,Sims2020,,,,#0621
Yonghe-224_tongue-1-1,Yonghe-224_tongue-1,zɨ̌_qə̀,199,false,expert,Sims2020,,,,#0621
Niuwozi-224_tongue-1-1,Niuwozi-224_tongue-1,l̥eᴴ,199,false,expert,Sims2020,,,,#0621
Taoba-224_tongue-1-1,Taoba-224_tongue-1,ɬiɛ⁵³,199,false,expert,Sims2020,,,,#0621
Qinghua-224_tongue-1-1,Qinghua-224_tongue-1,ɬie⁵⁵_qʰo⁵⁵,199,false,expert,Sims2020,,,,#0621
Lanping-224_tongue-1-1,Lanping-224_tongue-1,ɬie⁵⁵_qʰo⁵⁵,199,false,expert,Sims2020,,,,#0621
Jiulong-224_tongue-1-1,Jiulong-224_tongue-1,ɬə⁵⁵,199,false,expert,Sims2020,,,,#0621
Taoping-222_toexist-1-1,Taoping-222_toexist-1,ʒɿ³³,38,false,expert,Sims2020,,,,#0449
Longxi-222_toexist-1-1,Longxi-222_toexist-1,jì,38,false,expert,Sims2020,,,,#0449
Mianchi-222_toexist-1-1,Mianchi-222_toexist-1,ʑì,38,false,expert,Sims2020,,,,#0449
Wadu-222_toexist-1-1,Wadu-222_toexist-1,ʑǐ,38,false,expert,Sims2020,,,,#0449
Taoba-222_toexist-1-1,Taoba-222_toexist-1,ʑɛ³⁵,38,false,expert,Sims2020,,,,#0449
Qinghua-222_toexist-1-1,Qinghua-222_toexist-1,ʒø¹³,38,false,expert,Sims2020,,,,#0449
Lanping-222_toexist-1-1,Lanping-222_toexist-1,ʒø¹³,38,false,expert,Sims2020,,,,#0449
Jiulong-222_toexist-1-1,Jiulong-222_toexist-1,ʑe³⁵,38,false,expert,Sims2020,,,,#0449
Taoping-217_thick-1-1,Taoping-217_thick-1,lie³³,180,false,expert,Sims2020,,,,#5729
Longxi-217_thick-1-1,Longxi-217_thick-1,lià,180,false,expert,Sims2020,,,,#5729
Mianchi-217_thick-1-1,Mianchi-217_thick-1,lià,180,false,expert,Sims2020,,,,#5729
Yonghe-217_thick-1-1,Yonghe-217_thick-1,læ̌,180,false,expert,Sims2020,,,,#5729
Wadu-217_thick-1-1,Wadu-217_thick-1,ɦɑ̌,180,false,expert,Sims2020,,,,#5729
Niuwozi-217_thick-1-1,Niuwozi-217_thick-1,ɣɑᴿ,180,false,expert,Sims2020,,,,#5729
Dayang-217_thick-1-1,Dayang-217_thick-1,ɣɑ̌,180,false,expert,Sims2020,,,,#5729
Taoba-217_thick-1-1,Taoba-217_thick-1,ɣa¹³,180,false,expert,Sims2020,,,,#5729
Qinghua-217_thick-1-1,Qinghua-217_thick-1,ɣa¹³,180,false,expert,Sims2020,,,,#5729
Jiulong-217_thick-1-1,Jiulong-217_thick-1,lɑ³⁵,180,false,expert,Sims2020,,,,#5729
Taoping-212_sweat-1-1,Taoping-212_sweat-1,χtʂuə⁵⁵,32,false,expert,Sims2020,,,,#0615
Mianchi-212_sweat-1-1,Mianchi-212_sweat-1,tʂʰù,32,false,expert,Sims2020,,,,#0615
Yonghe-212_sweat-1-1,Yonghe-212_sweat-1,tɕʰwí,32,false,expert,Sims2020,,,,#0615
Dayang-212_sweat-1-1,Dayang-212_sweat-1,ʃtʃʰí,32,false,expert,Sims2020,,,,#0615
Qinghua-212_sweat-1-1,Qinghua-212_sweat-1,skʰi⁵⁵,32,false,expert,Sims2020,,,,#0615
Lanping-212_sweat-1-1,Lanping-212_sweat-1,skʰi⁵⁵,32,false,expert,Sims2020,,,,#0615
Taoping-210_stretch-1-1,Taoping-210_stretch-1,sɿ³¹_tʂʰi⁵⁵,100,false,expert,Sims2020,,,,
Longxi-210_stretch-1-1,Longxi-210_stretch-1,tsʰí,100,false,expert,Sims2020,,,,
Mianchi-210_stretch-1-1,Mianchi-210_stretch-1,tʂʰɨ̀,100,false,expert,Sims2020,,,,
Yonghe-210_stretch-1-1,Yonghe-210_stretch-1,hə̀-tʂʰə́,100,false,expert,Sims2020,,,,
Qinghua-210_stretch-1-1,Qinghua-210_stretch-1,kʰə¹³_stʃõ⁵⁵,100,false,expert,Sims2020,,,,
Lanping-210_stretch-1-1,Lanping-210_stretch-1,kʰə¹³_ʃtʃõ⁵⁵,100,false,expert,Sims2020,,,,
Jiulong-210_stretch-1-1,Jiulong-210_stretch-1,kʰɯ¹¹_ʂã⁵⁵_la¹¹,100,false,expert,Sims2020,,,,
Taoping-209_strength-1-1,Taoping-209_strength-1,dʐɿ²⁴¹,97,false,expert,Sims2020,,,,#5677
Longxi-209_strength-1-1,Longxi-209_strength-1,qú,97,false,expert,Sims2020,,,,#5677
Mianchi-209_strength-1-1,Mianchi-209_strength-1,dʐà_qà,97,false,expert,Sims2020,,,,#5677
Yonghe-209_strength-1-1,Yonghe-209_strength-1,qǔ,97,false,expert,Sims2020,,,,#5677
Wadu-209_strength-1-1,Wadu-209_strength-1,qɐ̌,97,false,expert,Sims2020,,,,#5677
Taoba-209_strength-1-1,Taoba-209_strength-1,ka³⁵,97,false,expert,Sims2020,,,,#5677
Qinghua-209_strength-1-1,Qinghua-209_strength-1,qa¹³,97,false,expert,Sims2020,,,,#5677
Lanping-209_strength-1-1,Lanping-209_strength-1,qa¹³,97,false,expert,Sims2020,,,,#5677
Taoping-207_straight-1-1,Taoping-207_straight-1,χtə⁵⁵,189,false,expert,Sims2020,,,,
Longxi-207_straight-1-1,Longxi-207_straight-1,tí,189,false,expert,Sims2020,,,,
Mianchi-208_straighterect-1-1,Mianchi-208_straighterect-1,tí,189,false,expert,Sims2020,,,,
Taoba-207_straight-1-1,Taoba-207_straight-1,tu⁵⁵_mə⁵³,189,false,expert,Sims2020,,,,
Qinghua-207_straight-1-1,Qinghua-207_straight-1,stu⁵⁵,189,false,expert,Sims2020,,,,
Lanping-207_straight-1-1,Lanping-207_straight-1,stu⁵⁵,189,false,expert,Sims2020,,,,
Jiulong-207_straight-1-1,Jiulong-207_straight-1,tə¹¹_tu⁵⁵,189,false,expert,Sims2020,,,,
Taoping-203_star-1-1,Taoping-203_star-1,χdʐe³³_pe⁵⁵,193,false,expert,Sims2020,,,,#3574
Longxi-203_star-1-1,Longxi-203_star-1,zɨ̀_bà,193,false,expert,Sims2020,,,,#3574
Mianchi-203_star-1-1,Mianchi-203_star-1,dʐɛ̀,193,false,expert,Sims2020,,,,#3574
Yonghe-203_star-1-1,Yonghe-203_star-1,dʐɨ́,193,false,expert,Sims2020,,,,#3574
Wadu-203_star-1-1,Wadu-203_star-1,ɖə̌,193,false,expert,Sims2020,,,,#3574
Niuwozi-203_star-1-1,Niuwozi-203_star-1,gʴəᴿ,193,false,expert,Sims2020,,,,#3574
Dayang-203_star-1-1,Dayang-203_star-1,ɖɨ̌,193,false,expert,Sims2020,,,,#3574
Taoba-203_star-1-1,Taoba-203_star-1,dʐə³⁵,193,false,expert,Sims2020,,,,#3574
Qinghua-203_star-1-1,Qinghua-203_star-1,dʐə¹³,193,false,expert,Sims2020,,,,#3574
Lanping-203_star-1-1,Lanping-203_star-1,dʐə¹³,193,false,expert,Sims2020,,,,#3574
Jiulong-203_star-1-1,Jiulong-203_star-1,dʐɿ³⁵,193,false,expert,Sims2020,,,,#3574
Taoping-198_spitv-1-1,Taoping-198_spitv-1,pʰe³³,124,false,expert,Sims2020,,,,#1145
Yonghe-198_spitv-1-1,Yonghe-198_spitv-1,sə́-pʰɛ̀,124,false,expert,Sims2020,,,,#1145
Wadu-198_spitv-1-1,Wadu-198_spitv-1,pʰɐ̀,124,false,expert,Sims2020,,,,#1145
Niuwozi-197_spew-1-1,Niuwozi-197_spew-1,pʰeᴿ,124,false,expert,Sims2020,,,,#1145
Taoba-198_spitv-1-1,Taoba-198_spitv-1,pʰø³⁵,124,false,expert,Sims2020,,,,#1145
Qinghua-198_spitv-1-1,Qinghua-198_spitv-1,tə⁵⁵_spʰɛ¹³,124,false,expert,Sims2020,,,,#1145
Lanping-198_spitv-1-1,Lanping-198_spitv-1,tə⁵⁵_fpʰɛ¹³,124,false,expert,Sims2020,,,,#1145
Jiulong-198_spitv-1-1,Jiulong-198_spitv-1,tɯ⁵⁵_pʰə⁵⁵,124,false,expert,Sims2020,,,,#1145
Taoping-193_soldier-1-1,Taoping-193_soldier-1,dʐue²⁴¹,59,false,expert,Sims2020,,,,
Longxi-193_soldier-1-1,Longxi-193_soldier-1,guà,59,false,expert,Sims2020,,,,
Mianchi-193_soldier-1-1,Mianchi-193_soldier-1,dʑyè,59,false,expert,Sims2020,,,,
Taoping-191_snow-1-1,Taoping-191_snow-1,χpɑ³¹_tʰu³³,198,false,expert,Sims2020,,,,#3554
Longxi-191_snow-1-1,Longxi-191_snow-1,mù_pà,198,false,expert,Sims2020,,,,#3554
Mianchi-191_snow-1-1,Mianchi-191_snow-1,peì,198,false,expert,Sims2020,,,,#3554
Yonghe-191_snow-1-1,Yonghe-191_snow-1,pɔ̌,198,false,expert,Sims2020,,,,#3554
Wadu-191_snow-1-1,Wadu-191_snow-1,pʉ,198,false,expert,Sims2020,,,,#3554
Niuwozi-191_snow-1-1,Niuwozi-191_snow-1,pʉᶠ,198,false,expert,Sims2020,,,,#3554
Taoba-191_snow-1-1,Taoba-191_snow-1,pu̵⁵³,198,false,expert,Sims2020,,,,#3554
Qinghua-191_snow-1-1,Qinghua-191_snow-1,spy⁵⁵,198,false,expert,Sims2020,,,,#3554
Lanping-191_snow-1-1,Lanping-191_snow-1,fpy⁵⁵,198,false,expert,Sims2020,,,,#3554
Jiulong-191_snow-1-1,Jiulong-191_snow-1,py⁵⁵,198,false,expert,Sims2020,,,,#3554
Taoping-184_skin-1-1,Taoping-184_skin-1,tʃʰɿ³¹_pa³³,160,false,expert,Sims2020,,,,#0596
Longxi-184_skin-1-1,Longxi-184_skin-1,ɹà_pià,160,false,expert,Sims2020,,,,#0596
Mianchi-184_skin-1-1,Mianchi-184_skin-1,ʐà_piá,160,false,expert,Sims2020,,,,#0596
Yonghe-184_skin-1-1,Yonghe-184_skin-1,ɦæ̀_pǽ,160,false,expert,Sims2020,,,,#0596
Niuwozi-184_skin-1-1,Niuwozi-184_skin-1,ɹəᶠ,160,false,expert,Sims2020,,,,#0596
Dayang-184_skin-1-1,Dayang-184_skin-1,rə̀_ʃtʃɨ̌,160,false,expert,Sims2020,,,,#0596
Taoba-184_skin-1-1,Taoba-184_skin-1,rə⁵³,160,false,expert,Sims2020,,,,#0596
Qinghua-184_skin-1-1,Qinghua-184_skin-1,ʐɤ¹³,160,false,expert,Sims2020,,,,#0596
Jiulong-184_skin-1-1,Jiulong-184_skin-1,ʐɿ³⁵,160,false,expert,Sims2020,,,,#0596
Taoping-183_sitonhatchegg-1-1,Taoping-183_sitonhatchegg-1,χne⁵⁵,20,false,expert,Sims2020,,,,
Mianchi-89_hatchbrood-1-1,Mianchi-89_hatchbrood-1,né,20,false,expert,Sims2020,,,,
Taoba-183_sitonhatchegg-1-1,Taoba-183_sitonhatchegg-1,tə⁵⁵_ȵi⁵³,20,false,expert,Sims2020,,,,
Qinghua-104_layegg-1-1,Qinghua-104_layegg-1,tə⁵⁵_ȵi⁵⁵,20,false,expert,Sims2020,,,,
Taoping-182_sitdown-1-1,Taoping-182_sitdown-1,dzo³³,113,false,expert,Sims2020,,,,#3591
Longxi-182_sitdown-1-1,Longxi-182_sitdown-1,ɦà_zú,113,false,expert,Sims2020,,,,#3591
Mianchi-182_sitdown-1-1,Mianchi-182_sitdown-1,dzó,113,false,expert,Sims2020,,,,#3591
Wadu-182_sitdown-1-1,Wadu-182_sitdown-1,nə̀_dzṍ,113,false,expert,Sims2020,,,,#3591
Niuwozi-182_sitdown-1-1,Niuwozi-182_sitdown-1,dzõᴴ,113,false,expert,Sims2020,,,,#3591
Taoba-182_sitdown-1-1,Taoba-182_sitdown-1,nə³⁵_dziã⁵⁵,113,false,expert,Sims2020,,,,#3591
Qinghua-182_sitdown-1-1,Qinghua-182_sitdown-1,nə¹³_dziɛ̃⁵⁵,113,false,expert,Sims2020,,,,#3591
Lanping-182_sitdown-1-1,Lanping-182_sitdown-1,nə¹³_dziɛ̃⁵⁵,113,false,expert,Sims2020,,,,#3591
Jiulong-182_sitdown-1-1,Jiulong-182_sitdown-1,nə⁵⁵_dzə̃⁵⁵,113,false,expert,Sims2020,,,,#3591
Taoping-181_sinew-1-1,Taoping-181_sinew-1,dʐʅ²⁴¹,201,false,expert,Sims2020,,,,#0535
Longxi-181_sinew-1-1,Longxi-181_sinew-1,dzɨ̀,201,false,expert,Sims2020,,,,#0535
Mianchi-181_sinew-1-1,Mianchi-181_sinew-1,dʑɛ̀,201,false,expert,Sims2020,,,,#0535
Yonghe-181_sinew-1-1,Yonghe-181_sinew-1,dʐí,201,false,expert,Sims2020,,,,#0535
Taoba-181_sinew-1-1,Taoba-181_sinew-1,dʐu⁵³,201,false,expert,Sims2020,,,,#0535
Taoping-180_silver-1-1,Taoping-180_silver-1,χŋu⁵⁵,103,false,expert,Sims2020,,,,#2536
Longxi-180_silver-1-1,Longxi-180_silver-1,ŋú,103,false,expert,Sims2020,,,,#2536
Mianchi-180_silver-1-1,Mianchi-180_silver-1,ŋó,103,false,expert,Sims2020,,,,#2536
Yonghe-180_silver-1-1,Yonghe-180_silver-1,wú,103,false,expert,Sims2020,,,,#2536
Wadu-180_silver-1-1,Wadu-180_silver-1,ŋṍ,103,false,expert,Sims2020,,,,#2536
Niuwozi-180_silver-1-1,Niuwozi-180_silver-1,jõᴴ,103,false,expert,Sims2020,,,,#2536
Dayang-180_silver-1-1,Dayang-180_silver-1,ŋoṹ,103,false,expert,Sims2020,,,,#2536
Taoba-180_silver-1-1,Taoba-180_silver-1,ȵõ⁵⁵,103,false,expert,Sims2020,,,,#2536
Qinghua-180_silver-1-1,Qinghua-180_silver-1,ŋɑ̃u⁵⁵,103,false,expert,Sims2020,,,,#2536
Lanping-180_silver-1-1,Lanping-180_silver-1,ŋɑ̃u⁵⁵,103,false,expert,Sims2020,,,,#2536
Jiulong-180_silver-1-1,Jiulong-180_silver-1,ŋɯ̃³⁵,103,false,expert,Sims2020,,,,#2536
Taoping-178_shoulder-1-1,Taoping-178_shoulder-1,lɑ³¹_χɑ⁵⁵_pi³³,63,false,expert,Sims2020,,,,#0695
Taoping-177_shootv-1-1,Taoping-177_shootv-1,qʰa³³,167,false,expert,Sims2020,,,,
Longxi-177_shootv-1-1,Longxi-177_shootv-1,qʰò,167,false,expert,Sims2020,,,,
Mianchi-177_shootv-1-1,Mianchi-177_shootv-1,tʂʰà,167,false,expert,Sims2020,,,,
Wadu-177_shootv-1-1,Wadu-177_shootv-1,ʈʰæ̌,167,false,expert,Sims2020,,,,
Niuwozi-177_shootv-1-1,Niuwozi-177_shootv-1,kʰʴɑ̌,167,false,expert,Sims2020,,,,
Taoba-177_shootv-1-1,Taoba-177_shootv-1,kʰə³⁵_tʂʰa³⁵,167,false,expert,Sims2020,,,,
Qinghua-177_shootv-1-1,Qinghua-177_shootv-1,kʰə¹³_tʂʰɑ⁵⁵,167,false,expert,Sims2020,,,,
Lanping-177_shootv-1-1,Lanping-177_shootv-1,kʰə¹³_tʂʰɑ⁵⁵,167,false,expert,Sims2020,,,,
Taoping-175_shit-1-1,Taoping-175_shit-1,tʃʰɿ⁵⁵,107,false,expert,Sims2020,,,,#0572
Longxi-175_shit-1-1,Longxi-175_shit-1,tsʰə̀,107,false,expert,Sims2020,,,,#0572
Mianchi-175_shit-1-1,Mianchi-175_shit-1,tɕʰɛ́,107,false,expert,Sims2020,,,,#0572
Yonghe-175_shit-1-1,Yonghe-175_shit-1,ʂɨ́,107,false,expert,Sims2020,,,,#0572
Niuwozi-175_shit-1-1,Niuwozi-175_shit-1,kɜjᶠ,107,false,expert,Sims2020,,,,#0572
Dayang-175_shit-1-1,Dayang-175_shit-1,χqá,107,false,expert,Sims2020,,,,#0572
Taoba-175_shit-1-1,Taoba-175_shit-1,xe⁵³,107,false,expert,Sims2020,,,,#0572
Qinghua-175_shit-1-1,Qinghua-175_shit-1,sqa⁵⁵,107,false,expert,Sims2020,,,,#0572
Lanping-175_shit-1-1,Lanping-175_shit-1,xqa⁵⁵,107,false,expert,Sims2020,,,,#0572
Jiulong-175_shit-1-1,Jiulong-175_shit-1,qɛi⁵⁵,107,false,expert,Sims2020,,,,#0572
Taoping-171_sharpengrind-1-1,Taoping-171_sharpengrind-1,suə⁵⁵,157,false,expert,Sims2020,,,,
Longxi-171_sharpengrind-1-1,Longxi-171_sharpengrind-1,sù,157,false,expert,Sims2020,,,,
Mianchi-171_sharpengrind-1-1,Mianchi-171_sharpengrind-1,sù,157,false,expert,Sims2020,,,,
Niuwozi-171_sharpengrind-1-1,Niuwozi-171_sharpengrind-1,suᴿ,157,false,expert,Sims2020,,,,
Taoba-171_sharpengrind-1-1,Taoba-171_sharpengrind-1,kʰə³⁵_sui³⁵,157,false,expert,Sims2020,,,,
Qinghua-171_sharpengrind-1-1,Qinghua-171_sharpengrind-1,kʰə¹³_syi¹³,157,false,expert,Sims2020,,,,
Taoping-170_sew-1-1,Taoping-170_sew-1,ʐi³¹_ʐi³¹,173,false,expert,Sims2020,,,,#2627
Longxi-170_sew-1-1,Longxi-170_sew-1,ɹà_í,173,false,expert,Sims2020,,,,#2627
Mianchi-170_sew-1-1,Mianchi-170_sew-1,ʐì,173,false,expert,Sims2020,,,,#2627
Yonghe-170_sew-1-1,Yonghe-170_sew-1,zɨ̀_jí,173,false,expert,Sims2020,,,,#2627
Wadu-170_sew-1-1,Wadu-170_sew-1,dʐǐ,173,false,expert,Sims2020,,,,#2627
Niuwozi-170_sew-1-1,Niuwozi-170_sew-1,dʐiᴿ,173,false,expert,Sims2020,,,,#2627
Lanping-170_sew-1-1,Lanping-170_sew-1,dʐi¹³,173,false,expert,Sims2020,,,,#2627
Taoping-167_seed-1-1,Taoping-167_seed-1,zuə³¹_zɑ²⁴¹,61,false,expert,Sims2020,,,,#3559
Longxi-167_seed-1-1,Longxi-167_seed-1,dzueì,61,false,expert,Sims2020,,,,#3559
Mianchi-149_pitstonebullet-1-1,Mianchi-149_pitstonebullet-1,zuì,61,false,expert,Sims2020,,,,#3559
Taoping-166_rope-1-1,Taoping-166_rope-1,bʐe³³,184,false,expert,Sims2020,,,,#0193
Mianchi-166_rope-1-1,Mianchi-166_rope-1,bʐè,184,false,expert,Sims2020,,,,#0193
Wadu-166_rope-1-1,Wadu-166_rope-1,dʐwẽ̌,184,false,expert,Sims2020,,,,#0193
Niuwozi-166_rope-1-1,Niuwozi-166_rope-1,bʴjẽᴿ,184,false,expert,Sims2020,,,,#0193
Dayang-166_rope-1-1,Dayang-166_rope-1,bʐẽ̌,184,false,expert,Sims2020,,,,#0193
Taoba-166_rope-1-1,Taoba-166_rope-1,bʐẽ³⁵,184,false,expert,Sims2020,,,,#0193
Qinghua-166_rope-1-1,Qinghua-166_rope-1,bʐə̃¹³,184,false,expert,Sims2020,,,,#0193
Lanping-166_rope-1-1,Lanping-166_rope-1,bʐə̃¹³,184,false,expert,Sims2020,,,,#0193
Taoping-159_red-1-1,Taoping-159_red-1,χȵi³¹_ȵi³³,191,false,expert,Sims2020,,,,#2499
Longxi-159_red-1-1,Longxi-159_red-1,ɕí,191,false,expert,Sims2020,,,,#2499
Mianchi-159_red-1-1,Mianchi-159_red-1,nə́,191,false,expert,Sims2020,,,,#2499
Yonghe-159_red-1-1,Yonghe-159_red-1,xí,191,false,expert,Sims2020,,,,#2499
Niuwozi-159_red-1-1,Niuwozi-159_red-1,neᴴ,191,false,expert,Sims2020,,,,#2499
Dayang-159_red-1-1,Dayang-159_red-1,ȵé,191,false,expert,Sims2020,,,,#2499
Taoba-159_red-1-1,Taoba-159_red-1,ȵɛ⁵⁵_mə⁵³,191,false,expert,Sims2020,,,,#2499
Qinghua-159_red-1-1,Qinghua-159_red-1,ȵø⁵⁵,191,false,expert,Sims2020,,,,#2499
Lanping-159_red-1-1,Lanping-159_red-1,ȵø⁵⁵,191,false,expert,Sims2020,,,,#2499
Jiulong-34_copperredpurecopper-1-1,Jiulong-34_copperredpurecopper-1,ȵẽ⁵⁵,191,false,expert,Sims2020,,,,#2499
Taoping-158_raw-1-1,Taoping-158_raw-1,ʂe⁵⁵,16,false,expert,Sims2020,,,,#1005
Taoba-158_raw-1-1,Taoba-158_raw-1,sə⁵⁵_sə⁵⁵_mə⁵³,16,false,expert,Sims2020,,,,#1005
Qinghua-158_raw-1-1,Qinghua-158_raw-1,sə⁵⁵_sə⁵⁵,16,false,expert,Sims2020,,,,#1005
Lanping-158_raw-1-1,Lanping-158_raw-1,sə⁵⁵_sə⁵⁵,16,false,expert,Sims2020,,,,#1005
Taoping-155_price-1-1,Taoping-155_price-1,pʰə³³,123,false,expert,Sims2020,,,,#2583
Longxi-155_price-1-1,Longxi-155_price-1,pʰù,123,false,expert,Sims2020,,,,#2583
Mianchi-155_price-1-1,Mianchi-155_price-1,pʰɛ̀,123,false,expert,Sims2020,,,,#2583
Wadu-155_price-1-1,Wadu-155_price-1,pʰʉ̌,123,false,expert,Sims2020,,,,#2583
Niuwozi-155_price-1-1,Niuwozi-155_price-1,pʰʴʉᴿ,123,false,expert,Sims2020,,,,#2583
Dayang-155_price-1-1,Dayang-155_price-1,pʰǔ,123,false,expert,Sims2020,,,,#2583
Taoba-155_price-1-1,Taoba-155_price-1,pʰu³⁵,123,false,expert,Sims2020,,,,#2583
Qinghua-155_price-1-1,Qinghua-155_price-1,pʰu¹³,123,false,expert,Sims2020,,,,#2583
Jiulong-155_price-1-1,Jiulong-155_price-1,pʰy⁵⁵_qo⁵⁵,123,false,expert,Sims2020,,,,#2583
Taoping-150_platedish-1-1,Taoping-150_platedish-1,be³³,48,false,expert,Sims2020,,,,
Taoping-148_pig-1-1,Taoping-148_pig-1,pa³³,119,false,expert,Sims2020,,,,#1006
Longxi-148_pig-1-1,Longxi-148_pig-1,pià,119,false,expert,Sims2020,,,,#1006
Mianchi-148_pig-1-1,Mianchi-148_pig-1,pià,119,false,expert,Sims2020,,,,#1006
Yonghe-148_pig-1-1,Yonghe-148_pig-1,pæ̌,119,false,expert,Sims2020,,,,#1006
Wadu-148_pig-1-1,Wadu-148_pig-1,tɕʰwæ̌,119,false,expert,Sims2020,,,,#1006
Niuwozi-148_pig-1-1,Niuwozi-148_pig-1,tʃʰɥǎᴿ,119,false,expert,Sims2020,,,,#1006
Dayang-148_pig-1-1,Dayang-148_pig-1,tʃʰɥǎ,119,false,expert,Sims2020,,,,#1006
Taoba-148_pig-1-1,Taoba-148_pig-1,tɕyɛ³⁵,119,false,expert,Sims2020,,,,#1006
Qinghua-148_pig-1-1,Qinghua-148_pig-1,pʰʒɑ¹³,119,false,expert,Sims2020,,,,#1006
Lanping-148_pig-1-1,Lanping-148_pig-1,pʰʃɑ¹³,119,false,expert,Sims2020,,,,#1006
Jiulong-148_pig-1-1,Jiulong-148_pig-1,tɕyə³⁵,119,false,expert,Sims2020,,,,#1006
Taoping-146_peopleclan-1-1,Taoping-146_peopleclan-1,χma³³,52,false,expert,Sims2020,,,,
Longxi-146_peopleclan-1-1,Longxi-146_peopleclan-1,mà,52,false,expert,Sims2020,,,,
Mianchi-146_peopleclan-1-1,Mianchi-146_peopleclan-1,mà,52,false,expert,Sims2020,,,,
Yonghe-146_peopleclan-1-1,Yonghe-146_peopleclan-1,mə̌ʴ,52,false,expert,Sims2020,,,,
Taoping-144_patchv-1-1,Taoping-144_patchv-1,χpe³³,121,false,expert,Sims2020,,,,#2548
Longxi-143_patchn-1-1,Longxi-143_patchn-1,pà_qó,121,false,expert,Sims2020,,,,#2548
Mianchi-142_patchn-1-1,Mianchi-142_patchn-1,pɛ_tʂʰì,121,false,expert,Sims2020,,,,#2548
Niuwozi-144_patchv-1-1,Niuwozi-144_patchv-1,pʰeᴿ,121,false,expert,Sims2020,,,,#2548
Dayang-144_patchv-1-1,Dayang-144_patchv-1,ɸpʰyě,121,false,expert,Sims2020,,,,#2548
Taoba-144_patchv-1-1,Taoba-144_patchv-1,xə³⁵_pʰiɛ³⁵,121,false,expert,Sims2020,,,,#2548
Qinghua-144_patchv-1-1,Qinghua-144_patchv-1,xə¹³_fpʰɛ¹³,121,false,expert,Sims2020,,,,#2548
Lanping-144_patchv-1-1,Lanping-144_patchv-1,xə¹³_spʰɛ¹³,121,false,expert,Sims2020,,,,#2548
Jiulong-144_patchv-1-1,Jiulong-144_patchv-1,pʰa¹¹_la¹¹_de³⁵,121,false,expert,Sims2020,,,,#2548
Taoping-141_pantstrousers-1-1,Taoping-141_pantstrousers-1,iɑ³¹_ʃɿ³³,179,false,expert,Sims2020,,,,#5571
Wadu-141_pantstrousers-1-1,Wadu-141_pantstrousers-1,ʑə̌,179,false,expert,Sims2020,,,,#5571
Taoba-141_pantstrousers-1-1,Taoba-141_pantstrousers-1,ʑɨ³⁵,179,false,expert,Sims2020,,,,#5571
Taoping-138_overflow-1-1,Taoping-138_overflow-1,bə³³,50,false,expert,Sims2020,,,,
Taoping-136_open-1-1,Taoping-136_open-1,pʰʐa⁵⁵,3,false,expert,Sims2020,,,,
Longxi-137_openeye-1-1,Longxi-137_openeye-1,tə̀_pʰé,3,false,expert,Sims2020,,,,
Mianchi-136_open-1-1,Mianchi-136_open-1,pʰɚ́,3,false,expert,Sims2020,,,,
Taoba-136_open-1-1,Taoba-136_open-1,kʰə³⁵_pʰa⁵³,3,false,expert,Sims2020,,,,
Lanping-200_splitopenrend-1-1,Lanping-200_splitopenrend-1,tʰə¹³_pʃɑ⁵⁵,3,false,expert,Sims2020,,,,
Jiulong-136_open-1-1,Jiulong-136_open-1,kʰɯ¹¹_pʰo⁵⁵,3,false,expert,Sims2020,,,,
Taoping-132_nose-1-1,Taoping-132_nose-1,χȵi³¹_qo⁵⁵_pə³³,190,false,expert,Sims2020,,,,#0803
Longxi-132_nose-1-1,Longxi-132_nose-1,tì_bá-qə̀,190,false,expert,Sims2020,,,,#0803
Mianchi-132_nose-1-1,Mianchi-132_nose-1,nə̀_qɛ́_pì,190,false,expert,Sims2020,,,,#0803
Yonghe-132_nose-1-1,Yonghe-132_nose-1,tə̀_qɑ́_pù,190,false,expert,Sims2020,,,,#0803
Niuwozi-132_nose-1-1,Niuwozi-132_nose-1,n̥iᴸ_dʒjõᴴ,190,false,expert,Sims2020,,,,#0803
Taoba-132_nose-1-1,Taoba-132_nose-1,n̥ə³⁵_ɣiã⁵³,190,false,expert,Sims2020,,,,#0803
Qinghua-132_nose-1-1,Qinghua-132_nose-1,xiɛ̃¹³_dʒõ⁵⁵,190,false,expert,Sims2020,,,,#0803
Lanping-132_nose-1-1,Lanping-132_nose-1,xiɛ̃¹³_dʒõ⁵⁵,190,false,expert,Sims2020,,,,#0803
Jiulong-132_nose-1-1,Jiulong-132_nose-1,ȵ̥ĩ¹¹_gõ³⁵,190,false,expert,Sims2020,,,,#0803
Taoping-130_new-1-1,Taoping-130_new-1,tsʰi⁵⁵,195,false,expert,Sims2020,,,,#6178
Longxi-130_new-1-1,Longxi-130_new-1,tɕʰí,195,false,expert,Sims2020,,,,#6178
Mianchi-130_new-1-1,Mianchi-130_new-1,sí,195,false,expert,Sims2020,,,,#6178
Yonghe-130_new-1-1,Yonghe-130_new-1,sɨ́,195,false,expert,Sims2020,,,,#6178
Niuwozi-130_new-1-1,Niuwozi-130_new-1,ʃiᴿ,195,false,expert,Sims2020,,,,#6178
Taoba-130_new-1-1,Taoba-130_new-1,ɕi⁵⁵_ɕi⁵⁵_mə⁵³,195,false,expert,Sims2020,,,,#6178
Qinghua-130_new-1-1,Qinghua-130_new-1,ʂi¹³_ʂi¹³,195,false,expert,Sims2020,,,,#6178
Lanping-130_new-1-1,Lanping-130_new-1,ʂi¹³_ʂi¹³,195,false,expert,Sims2020,,,,#6178
Jiulong-130_new-1-1,Jiulong-130_new-1,sə⁵⁵_pa⁵⁵,195,false,expert,Sims2020,,,,#6178
Taoping-128_nephew-1-1,Taoping-128_nephew-1,dʑi³¹,33,false,expert,Sims2020,,,,
Longxi-128_nephew-1-1,Longxi-128_nephew-1,dʑì_qʰuá,33,false,expert,Sims2020,,,,
Mianchi-128_nephew-1-1,Mianchi-128_nephew-1,dʑì,33,false,expert,Sims2020,,,,
Niuwozi-129_nephewpaternal-1-1,Niuwozi-129_nephewpaternal-1,djuᴿ,33,false,expert,Sims2020,,,,
Dayang-128_nephew-1-1,Dayang-128_nephew-1,dyǔ,33,false,expert,Sims2020,,,,
Taoba-128_nephew-1-1,Taoba-128_nephew-1,diu³⁵,33,false,expert,Sims2020,,,,
Qinghua-128_nephew-1-1,Qinghua-128_nephew-1,diu¹³,33,false,expert,Sims2020,,,,
Lanping-128_nephew-1-1,Lanping-128_nephew-1,diu¹³,33,false,expert,Sims2020,,,,
Taoping-127_needle-1-1,Taoping-127_needle-1,χe³³,166,false,expert,Sims2020,,,,#5398
Longxi-127_needle-1-1,Longxi-127_needle-1,χèi,166,false,expert,Sims2020,,,,#5398
Mianchi-127_needle-1-1,Mianchi-127_needle-1,χɛ̀,166,false,expert,Sims2020,,,,#5398
Yonghe-127_needle-1-1,Yonghe-127_needle-1,χə̌,166,false,expert,Sims2020,,,,#5398
Wadu-127_needle-1-1,Wadu-127_needle-1,qʰǔ,166,false,expert,Sims2020,,,,#5398
Niuwozi-127_needle-1-1,Niuwozi-127_needle-1,kʰoᴿ,166,false,expert,Sims2020,,,,#5398
Dayang-127_needle-1-1,Dayang-127_needle-1,qʰǒ,166,false,expert,Sims2020,,,,#5398
Taoba-127_needle-1-1,Taoba-127_needle-1,qʰo³⁵,166,false,expert,Sims2020,,,,#5398
Qinghua-127_needle-1-1,Qinghua-127_needle-1,qʰo⁵⁵,166,false,expert,Sims2020,,,,#5398
Lanping-127_needle-1-1,Lanping-127_needle-1,qʰo⁵⁵,166,false,expert,Sims2020,,,,#5398
Jiulong-127_needle-1-1,Jiulong-127_needle-1,qʰo⁵⁵,166,false,expert,Sims2020,,,,#5398
Taoping-126_narrow-1-1,Taoping-126_narrow-1,tɕʰe³³,10,false,expert,Sims2020,,,,
Longxi-126_narrow-1-1,Longxi-126_narrow-1,tɕʰá,10,false,expert,Sims2020,,,,
Taoba-126_narrow-1-1,Taoba-126_narrow-1,ʂə⁵⁵_mə⁵³,10,false,expert,Sims2020,,,,
Qinghua-126_narrow-1-1,Qinghua-126_narrow-1,stʃə⁵⁵,10,false,expert,Sims2020,,,,
Lanping-126_narrow-1-1,Lanping-126_narrow-1,ʃtʃə⁵⁵,10,false,expert,Sims2020,,,,
Jiulong-126_narrow-1-1,Jiulong-126_narrow-1,tɕʰy¹¹_tɕʰy⁵⁵,10,false,expert,Sims2020,,,,
Taoping-125_name-1-1,Taoping-125_name-1,χmə⁵⁵,93,false,expert,Sims2020,,,,#2450
Longxi-125_name-1-1,Longxi-125_name-1,zə̀_mú,93,false,expert,Sims2020,,,,#2450
Yonghe-125_name-1-1,Yonghe-125_name-1,mə́ʴ,93,false,expert,Sims2020,,,,#2450
Wadu-125_name-1-1,Wadu-125_name-1,mǽ̃,93,false,expert,Sims2020,,,,#2450
Niuwozi-125_name-1-1,Niuwozi-125_name-1,mɑ̃ᴴ,93,false,expert,Sims2020,,,,#2450
Dayang-125_name-1-1,Dayang-125_name-1,mɑ̃́,93,false,expert,Sims2020,,,,#2450
Taoba-125_name-1-1,Taoba-125_name-1,mɛ̃⁵⁵,93,false,expert,Sims2020,,,,#2450
Qinghua-125_name-1-1,Qinghua-125_name-1,ma⁵⁵,93,false,expert,Sims2020,,,,#2450
Lanping-125_name-1-1,Lanping-125_name-1,ma⁵⁵,93,false,expert,Sims2020,,,,#2450
Jiulong-125_name-1-1,Jiulong-125_name-1,mã³⁵,93,false,expert,Sims2020,,,,#2450
Longxi-13_bloom-1-1,Longxi-13_bloom-1,tə̀_pá,1,false,expert,Sims2020,,,,#2153
Mianchi-13_bloom-1-1,Mianchi-13_bloom-1,pɛ̀,1,false,expert,Sims2020,,,,#2153
Yonghe-13_bloom-1-1,Yonghe-13_bloom-1,tə̀_pá,1,false,expert,Sims2020,,,,#2153
Qinghua-13_bloom-1-1,Qinghua-13_bloom-1,tə⁵⁵_pɐ⁵⁵,1,false,expert,Sims2020,,,,#2153
Taoping-124_mushroom-1-1,Taoping-124_mushroom-1,mɑ³¹_ʐu³³,23,false,expert,Sims2020,,,,#27472
Longxi-124_mushroom-1-1,Longxi-124_mushroom-1,mə̀_ɚ̀,23,false,expert,Sims2020,,,,#27472
Mianchi-124_mushroom-1-1,Mianchi-124_mushroom-1,mò_tsú,23,false,expert,Sims2020,,,,#27472
Yonghe-124_mushroom-1-1,Yonghe-124_mushroom-1,mù_xí,23,false,expert,Sims2020,,,,#27472
Wadu-124_mushroom-1-1,Wadu-124_mushroom-1,mǐ,23,false,expert,Sims2020,,,,#27472
Dayang-124_mushroom-1-1,Dayang-124_mushroom-1,mrẽ̌,23,false,expert,Sims2020,,,,#27472
Taoba-124_mushroom-1-1,Taoba-124_mushroom-1,mi³⁵,23,false,expert,Sims2020,,,,#27472
Qinghua-124_mushroom-1-1,Qinghua-124_mushroom-1,mʐi¹³,23,false,expert,Sims2020,,,,#27472
Lanping-124_mushroom-1-1,Lanping-124_mushroom-1,mʐi¹³,23,false,expert,Sims2020,,,,#27472
Jiulong-124_mushroom-1-1,Jiulong-124_mushroom-1,mỹ³⁵,23,false,expert,Sims2020,,,,#27472
Taoping-122_moon-1-1,Taoping-122_moon-1,ɕy³³_ɕya⁵⁵,200,false,expert,Sims2020,,,,#1016
Longxi-122_moon-1-1,Longxi-122_moon-1,lə̀,200,false,expert,Sims2020,,,,#1016
Mianchi-122_moon-1-1,Mianchi-122_moon-1,ɬə̀,200,false,expert,Sims2020,,,,#1016
Yonghe-122_moon-1-1,Yonghe-122_moon-1,ɬì_ɕʷǽ,200,false,expert,Sims2020,,,,#1016
Niuwozi-122_moon-1-1,Niuwozi-122_moon-1,l̥iᴴ,200,false,expert,Sims2020,,,,#1016
Taoba-122_moon-1-1,Taoba-122_moon-1,ɬi⁵⁵,200,false,expert,Sims2020,,,,#1016
Qinghua-122_moon-1-1,Qinghua-122_moon-1,ɬi⁵⁵,200,false,expert,Sims2020,,,,#1016
Lanping-122_moon-1-1,Lanping-122_moon-1,ɬi⁵⁵,200,false,expert,Sims2020,,,,#1016
Jiulong-122_moon-1-1,Jiulong-122_moon-1,ɬi⁵⁵_ŋɯ⁵⁵,200,false,expert,Sims2020,,,,#1016
Taoping-120_meatflesh-1-1,Taoping-120_meatflesh-1,tʃʰɿ⁵⁵,109,false,expert,Sims2020,,,,#0034
Niuwozi-120_meatflesh-1-1,Niuwozi-120_meatflesh-1,ʂɨᶠ,109,false,expert,Sims2020,,,,#0034
Dayang-120_meatflesh-1-1,Dayang-120_meatflesh-1,ʃtʃɨ̌,109,false,expert,Sims2020,,,,#0034
Taoba-120_meatflesh-1-1,Taoba-120_meatflesh-1,ʂə⁵³,109,false,expert,Sims2020,,,,#0034
Qinghua-120_meatflesh-1-1,Qinghua-120_meatflesh-1,ʃɤ⁵⁵,109,false,expert,Sims2020,,,,#0034
Lanping-120_meatflesh-1-1,Lanping-120_meatflesh-1,ʃɤ⁵⁵,109,false,expert,Sims2020,,,,#0034
Jiulong-120_meatflesh-1-1,Jiulong-120_meatflesh-1,ʃi⁵⁵,109,false,expert,Sims2020,,,,#0034
Taoping-118_lung-1-1,Taoping-118_lung-1,tsʰu⁵⁵,152,false,expert,Sims2020,,,,#0458
Longxi-118_lung-1-1,Longxi-118_lung-1,tsʰù,152,false,expert,Sims2020,,,,#0458
Mianchi-118_lung-1-1,Mianchi-118_lung-1,tsʰoù,152,false,expert,Sims2020,,,,#0458
Yonghe-118_lung-1-1,Yonghe-118_lung-1,tsʰù-pʰɑ́,152,false,expert,Sims2020,,,,#0458
Wadu-118_lung-1-1,Wadu-118_lung-1,tsʰʉ̌,152,false,expert,Sims2020,,,,#0458
Niuwozi-118_lung-1-1,Niuwozi-118_lung-1,tsʰʉᴿ,152,false,expert,Sims2020,,,,#0458
Dayang-118_lung-1-1,Dayang-118_lung-1,tsʰʉ̌,152,false,expert,Sims2020,,,,#0458
Taoba-118_lung-1-1,Taoba-118_lung-1,tsʰø¹³,152,false,expert,Sims2020,,,,#0458
Qinghua-118_lung-1-1,Qinghua-118_lung-1,tsʰy¹³,152,false,expert,Sims2020,,,,#0458
Lanping-118_lung-1-1,Lanping-118_lung-1,tsʰy¹³,152,false,expert,Sims2020,,,,#0458
Jiulong-118_lung-1-1,Jiulong-118_lung-1,tsʰu⁵⁵,152,false,expert,Sims2020,,,,#0458
Taoping-116_lock-1-1,Taoping-116_lock-1,qɑ⁵⁵_suɑ³¹,35,false,expert,Sims2020,,,,
Mianchi-116_lock-1-1,Mianchi-116_lock-1,ʂuà,35,false,expert,Sims2020,,,,
Qinghua-116_lock-1-1,Qinghua-116_lock-1,sɑ¹³,35,false,expert,Sims2020,,,,
Lanping-116_lock-1-1,Lanping-116_lock-1,sɑ¹³,35,false,expert,Sims2020,,,,
Taoping-115_liver-1-1,Taoping-115_liver-1,sie⁵⁵,111,false,expert,Sims2020,,,,#1390
Longxi-115_liver-1-1,Longxi-115_liver-1,ɕí_ɹá,111,false,expert,Sims2020,,,,#1390
Mianchi-115_liver-1-1,Mianchi-115_liver-1,sè,111,false,expert,Sims2020,,,,#1390
Wadu-115_liver-1-1,Wadu-115_liver-1,tswẽ́,111,false,expert,Sims2020,,,,#1390
Niuwozi-115_liver-1-1,Niuwozi-115_liver-1,tsɥɛ̃ᶠ,111,false,expert,Sims2020,,,,#1390
Dayang-115_liver-1-1,Dayang-115_liver-1,tswǐ,111,false,expert,Sims2020,,,,#1390
Taoba-115_liver-1-1,Taoba-115_liver-1,tsuẽ⁵³,111,false,expert,Sims2020,,,,#1390
Qinghua-115_liver-1-1,Qinghua-115_liver-1,tsyɛ̃⁵⁵,111,false,expert,Sims2020,,,,#1390
Lanping-115_liver-1-1,Lanping-115_liver-1,tsyɛ̃⁵⁵,111,false,expert,Sims2020,,,,#1390
Jiulong-115_liver-1-1,Jiulong-115_liver-1,tsu³⁵,111,false,expert,Sims2020,,,,#1390
Taoping-109_left-1-1,Taoping-109_left-1,χgy³³,28,false,expert,Sims2020,,,,#2154
Mianchi-110_lefthand-1-1,Mianchi-110_lefthand-1,guì,28,false,expert,Sims2020,,,,#2154
Yonghe-111_leftside-1-1,Yonghe-111_leftside-1,wàʴ-tɕʰá,28,false,expert,Sims2020,,,,#2154
Wadu-109_left-1-1,Wadu-109_left-1,wɛ̌j,28,false,expert,Sims2020,,,,#2154
Qinghua-109_left-1-1,Qinghua-109_left-1,uɑ¹³,28,false,expert,Sims2020,,,,#2154
Lanping-109_left-1-1,Lanping-109_left-1,uɑ¹³,28,false,expert,Sims2020,,,,#2154
Jiulong-109_left-1-1,Jiulong-109_left-1,we³⁵,28,false,expert,Sims2020,,,,#2154
Taoping-108_learnteach-1-1,Taoping-108_learnteach-1,tə¹³-sy⁵⁵,15,false,expert,Sims2020,,,,
Longxi-108_learnteach-1-1,Longxi-108_learnteach-1,só,15,false,expert,Sims2020,,,,
Mianchi-108_learnteach-1-1,Mianchi-108_learnteach-1,soú,15,false,expert,Sims2020,,,,
Yonghe-214_teach-1-1,Yonghe-214_teach-1,ɕwí,15,false,expert,Sims2020,,,,
Wadu-108_learnteach-1-1,Wadu-108_learnteach-1,swẽ́,15,false,expert,Sims2020,,,,
Niuwozi-214_teach-1-1,Niuwozi-214_teach-1,sʉᴴ_sɥɛ̃ᴸ,15,false,expert,Sims2020,,,,
Dayang-214_teach-1-1,Dayang-214_teach-1,swĩ́,15,false,expert,Sims2020,,,,
Taoba-107_learnteach-1-1,Taoba-107_learnteach-1,xə³⁵_suẽ⁵³,15,false,expert,Sims2020,,,,
Qinghua-107_learnteach-1-1,Qinghua-107_learnteach-1,xə¹³_syẽ⁵⁵,15,false,expert,Sims2020,,,,
Lanping-107_learnteach-1-1,Lanping-107_learnteach-1,sy⁵⁵_syɛ̃¹³,15,false,expert,Sims2020,,,,
Jiulong-107_learnteach-1-1,Jiulong-107_learnteach-1,suɛ̃⁵⁵,15,false,expert,Sims2020,,,,
Taoping-106_leanofmeat-1-1,Taoping-106_leanofmeat-1,dʐo²⁴¹,34,false,expert,Sims2020,,,,#0045
Taoba-106_leanofmeat-1-1,Taoba-106_leanofmeat-1,dʐɐ³⁵_mə⁵³,34,false,expert,Sims2020,,,,#0045
Qinghua-106_leanofmeat-1-1,Qinghua-106_leanofmeat-1,dʐə¹³_ti⁵⁵,34,false,expert,Sims2020,,,,#0045
Taoping-103_laugh-1-1,Taoping-103_laugh-1,dʐa³³,197,false,expert,Sims2020,,,,#1108
Longxi-103_laugh-1-1,Longxi-103_laugh-1,dzà,197,false,expert,Sims2020,,,,#1108
Mianchi-103_laugh-1-1,Mianchi-103_laugh-1,dʐà,197,false,expert,Sims2020,,,,#1108
Yonghe-103_laugh-1-1,Yonghe-103_laugh-1,dʐɑ̌,197,false,expert,Sims2020,,,,#1108
Wadu-103_laugh-1-1,Wadu-103_laugh-1,nɐ-ɻ̥æ̃̌,197,false,expert,Sims2020,,,,#1108
Niuwozi-103_laugh-1-1,Niuwozi-103_laugh-1,ʴ̥aR,197,false,expert,Sims2020,,,,#1108
Dayang-103_laugh-1-1,Dayang-103_laugh-1,ʂɑ̌,197,false,expert,Sims2020,,,,#1108
Taoba-103_laugh-1-1,Taoba-103_laugh-1,ʂa³⁵,197,false,expert,Sims2020,,,,#1108
Qinghua-103_laugh-1-1,Qinghua-103_laugh-1,ʃɑ¹³,197,false,expert,Sims2020,,,,#1108
Lanping-103_laugh-1-1,Lanping-103_laugh-1,ʃɑ¹³,197,false,expert,Sims2020,,,,#1108
Jiulong-103_laugh-1-1,Jiulong-103_laugh-1,ʂɑ¹¹_ʂɑ⁵⁵,197,false,expert,Sims2020,,,,#1108
Taoping-100_house-1-1,Taoping-100_house-1,tɕi⁵⁵_ko³³,99,false,expert,Sims2020,,,,#1612
Longxi-100_house-1-1,Longxi-100_house-1,tɕé_kù,99,false,expert,Sims2020,,,,#1612
Mianchi-100_house-1-1,Mianchi-100_house-1,tɕí,99,false,expert,Sims2020,,,,#1612
Yonghe-100_house-1-1,Yonghe-100_house-1,tɕí,99,false,expert,Sims2020,,,,#1612
Wadu-100_house-1-1,Wadu-100_house-1,tʃṍ,99,false,expert,Sims2020,,,,#1612
Niuwozi-100_house-1-1,Niuwozi-100_house-1,tʃĩᴴ,99,false,expert,Sims2020,,,,#1612
Taoba-100_house-1-1,Taoba-100_house-1,tɕø̃⁵⁵,99,false,expert,Sims2020,,,,#1612
Qinghua-100_house-1-1,Qinghua-100_house-1,tʃə̃⁵⁵,99,false,expert,Sims2020,,,,#1612
Lanping-100_house-1-1,Lanping-100_house-1,tʃə̃⁵⁵,99,false,expert,Sims2020,,,,#1612
Jiulong-100_house-1-1,Jiulong-100_house-1,tɕĩ³⁵,99,false,expert,Sims2020,,,,#1612
Taoping-99_horse-1-1,Taoping-99_horse-1,ʐu⁵⁵,163,false,expert,Sims2020,,,,#1431
Longxi-99_horse-1-1,Longxi-99_horse-1,ʐoù,163,false,expert,Sims2020,,,,#1431
Mianchi-99_horse-1-1,Mianchi-99_horse-1,ʁò,163,false,expert,Sims2020,,,,#1431
Yonghe-99_horse-1-1,Yonghe-99_horse-1,wǐ,163,false,expert,Sims2020,,,,#1431
Wadu-99_horse-1-1,Wadu-99_horse-1,gwĩ̌,163,false,expert,Sims2020,,,,#1431
Niuwozi-99_horse-1-1,Niuwozi-99_horse-1,gɥɛ̃ᴸ,163,false,expert,Sims2020,,,,#1431
Dayang-99_horse-1-1,Dayang-99_horse-1,ʒdʒĩ̌,163,false,expert,Sims2020,,,,#1431
Taoba-99_horse-1-1,Taoba-99_horse-1,ɣuẽ³⁵,163,false,expert,Sims2020,,,,#1431
Qinghua-99_horse-1-1,Qinghua-99_horse-1,sgyɛ̃¹³,163,false,expert,Sims2020,,,,#1431
Lanping-99_horse-1-1,Lanping-99_horse-1,zgyɛ̃¹³,163,false,expert,Sims2020,,,,#1431
Jiulong-99_horse-1-1,Jiulong-99_horse-1,ʐuẽ³⁵,163,false,expert,Sims2020,,,,#1431
Taoping-96_holdbabyinarms-1-1,Taoping-96_holdbabyinarms-1,χtu³³,55,false,expert,Sims2020,,,,
Longxi-97_holdinarms-1-1,Longxi-97_holdinarms-1,toù,55,false,expert,Sims2020,,,,
Mianchi-98_holdclosely-1-1,Mianchi-98_holdclosely-1,ɦà_tòu,55,false,expert,Sims2020,,,,
Taoping-95_hoe-1-1,Taoping-95_hoe-1,kua³³,192,false,expert,Sims2020,,,,
Longxi-95_hoe-1-1,Longxi-95_hoe-1,tɕuà,192,false,expert,Sims2020,,,,
Mianchi-95_hoe-1-1,Mianchi-95_hoe-1,kuà,192,false,expert,Sims2020,,,,
Yonghe-95_hoe-1-1,Yonghe-95_hoe-1,kwæ̌,192,false,expert,Sims2020,,,,
Taoba-95_hoe-1-1,Taoba-95_hoe-1,tɕya³⁵_dzə⁵⁵,192,false,expert,Sims2020,,,,
Jiulong-95_hoe-1-1,Jiulong-95_hoe-1,tʂu³⁵_mɑ⁵⁵,192,false,expert,Sims2020,,,,
Taoping-91_heart-1-1,Taoping-91_heart-1,χtie⁵⁵_mə⁵⁵,57,false,expert,Sims2020,,,,
Longxi-91_heart-1-1,Longxi-91_heart-1,ɕì_mì,57,false,expert,Sims2020,,,,
Mianchi-91_heart-1-1,Mianchi-91_heart-1,tiè,57,false,expert,Sims2020,,,,
Yonghe-91_heart-1-1,Yonghe-91_heart-1,tì_mí,57,false,expert,Sims2020,,,,
Taoping-85_hair-1-1,Taoping-85_hair-1,χmə³³,127,false,expert,Sims2020,,,,
Longxi-85_hair-1-1,Longxi-85_hair-1,χù,127,false,expert,Sims2020,,,,
Mianchi-85_hair-1-1,Mianchi-85_hair-1,mù,127,false,expert,Sims2020,,,,
Yonghe-85_hair-1-1,Yonghe-85_hair-1,hǔʴ,127,false,expert,Sims2020,,,,
Wadu-85_hair-1-1,Wadu-85_hair-1,qhʉ́_m̥æ̀,127,false,expert,Sims2020,,,,
Niuwozi-85_hair-1-1,Niuwozi-85_hair-1,khʉᴴ_mãᴸ,127,false,expert,Sims2020,,,,
Taoba-85_hair-1-1,Taoba-85_hair-1,ma⁵⁵,127,false,expert,Sims2020,,,,
Qinghua-85_hair-1-1,Qinghua-85_hair-1,ma⁵⁵,127,false,expert,Sims2020,,,,
Lanping-85_hair-1-1,Lanping-85_hair-1,ma⁵⁵,127,false,expert,Sims2020,,,,
Jiulong-90_headhair-1-1,Jiulong-90_headhair-1,mã³⁵,127,false,expert,Sims2020,,,,
Taoping-78_gnaw-1-1,Taoping-78_gnaw-1,χɢɑ²⁴¹,30,false,expert,Sims2020,,,,#5641
Longxi-78_gnaw-1-1,Longxi-78_gnaw-1,ʁà_ɕà,30,false,expert,Sims2020,,,,#5641
Yonghe-78_gnaw-1-1,Yonghe-78_gnaw-1,gɑ̀ʴ_ɬɛ́,30,false,expert,Sims2020,,,,#5641
Wadu-78_gnaw-1-1,Wadu-78_gnaw-1,qǎ,30,false,expert,Sims2020,,,,#5641
Dayang-8_bite-1-1,Dayang-8_bite-1,χqɑ̌,30,false,expert,Sims2020,,,,#5641
Qinghua-78_gnaw-1-1,Qinghua-78_gnaw-1,xə¹³_qɑ¹³,30,false,expert,Sims2020,,,,#5641
Taoping-76_gall-1-1,Taoping-76_gall-1,χtʂə⁵⁵,102,false,expert,Sims2020,,,,#0227
Longxi-76_gall-1-1,Longxi-76_gall-1,tsɨ́,102,false,expert,Sims2020,,,,#0227
Mianchi-76_gall-1-1,Mianchi-76_gall-1,tɕɨ́,102,false,expert,Sims2020,,,,#0227
Wadu-76_gall-1-1,Wadu-76_gall-1,ʈə́,102,false,expert,Sims2020,,,,#0227
Niuwozi-76_gall-1-1,Niuwozi-76_gall-1,kʴəᴴ,102,false,expert,Sims2020,,,,#0227
Taoba-76_gall-1-1,Taoba-76_gall-1,tʂə⁵⁵,102,false,expert,Sims2020,,,,#0227
Qinghua-76_gall-1-1,Qinghua-76_gall-1,tʂə⁵⁵,102,false,expert,Sims2020,,,,#0227
Lanping-76_gall-1-1,Lanping-76_gall-1,tʂə⁵⁵,102,false,expert,Sims2020,,,,#0227
Jiulong-76_gall-1-1,Jiulong-76_gall-1,tʂɿ³⁵,102,false,expert,Sims2020,,,,#0227
Taoping-75_front-1-1,Taoping-75_front-1,qə³¹_əʴ⁵⁵,115,false,expert,Sims2020,,,,#1214
Yonghe-75_front-1-1,Yonghe-75_front-1,kəʴ̌,115,false,expert,Sims2020,,,,#1214
Wadu-75_front-1-1,Wadu-75_front-1,ɹə́,115,false,expert,Sims2020,,,,#1214
Niuwozi-75_front-1-1,Niuwozi-75_front-1,ɹəᶠ,115,false,expert,Sims2020,,,,#1214
Qinghua-75_front-1-1,Qinghua-75_front-1,ʐə⁵⁵,115,false,expert,Sims2020,,,,#1214
Lanping-75_front-1-1,Lanping-75_front-1,ʐə⁵⁵,115,false,expert,Sims2020,,,,#1214
Taoping-74_frog-1-1,Taoping-74_frog-1,dzuɑ³¹_pu⁵⁵_mɑ³³,181,false,expert,Sims2020,,,,#2796
Longxi-74_frog-1-1,Longxi-74_frog-1,zò-piá,181,false,expert,Sims2020,,,,#2796
Mianchi-74_frog-1-1,Mianchi-74_frog-1,dzò-piá,181,false,expert,Sims2020,,,,#2796
Yonghe-74_frog-1-1,Yonghe-74_frog-1,dzù_pǽ,181,false,expert,Sims2020,,,,#2796
Niuwozi-74_frog-1-1,Niuwozi-74_frog-1,pɜᴴ_diᴴ,181,false,expert,Sims2020,,,,#2796
Dayang-74_frog-1-1,Dayang-74_frog-1,ɸpɒ́,181,false,expert,Sims2020,,,,#2796
Qinghua-74_frog-1-1,Qinghua-74_frog-1,spɑ⁵⁵,181,false,expert,Sims2020,,,,#2796
Lanping-74_frog-1-1,Lanping-74_frog-1,fpɑ⁵⁵,181,false,expert,Sims2020,,,,#2796
Jiulong-74_frog-1-1,Jiulong-74_frog-1,pɐ⁵⁵_de⁵⁵,181,false,expert,Sims2020,,,,#2796
Taoping-73_fox-1-1,Taoping-73_fox-1,qʰɑ³³_χguə³³,169,false,expert,Sims2020,,,,#2255
Longxi-73_fox-1-1,Longxi-73_fox-1,qʰà_guà,169,false,expert,Sims2020,,,,#2255
Mianchi-73_fox-1-1,Mianchi-73_fox-1,qʰá_guɚ̀,169,false,expert,Sims2020,,,,#2255
Yonghe-73_fox-1-1,Yonghe-73_fox-1,wæ̌,169,false,expert,Sims2020,,,,#2255
Niuwozi-73_fox-1-1,Niuwozi-73_fox-1,gɥɛᶠ,169,false,expert,Sims2020,,,,#2255
Taoba-73_fox-1-1,Taoba-73_fox-1,guə⁵³,169,false,expert,Sims2020,,,,#2255
Qinghua-73_fox-1-1,Qinghua-73_fox-1,sgyɛ¹³,169,false,expert,Sims2020,,,,#2255
Lanping-73_fox-1-1,Lanping-73_fox-1,guɐ¹³_po⁵⁵,169,false,expert,Sims2020,,,,#2255
Jiulong-73_fox-1-1,Jiulong-73_fox-1,ʐyə³⁵,169,false,expert,Sims2020,,,,#2255
Taoping-71_footmeasure-1-1,Taoping-71_footmeasure-1,tʂʰə⁵⁵,182,false,expert,Sims2020,,,,#0335
Wadu-70_foot-1-1,Wadu-70_foot-1,ʈʰə́,182,false,expert,Sims2020,,,,#0335
Niuwozi-70_foot-1-1,Niuwozi-70_foot-1,kʰʴəᴴ,182,false,expert,Sims2020,,,,#0335
Dayang-70_foot-1-1,Dayang-70_foot-1,ʈʰɨ́,182,false,expert,Sims2020,,,,#0335
Taoba-70_foot-1-1,Taoba-70_foot-1,tʂʰə⁵³,182,false,expert,Sims2020,,,,#0335
Qinghua-70_foot-1-1,Qinghua-70_foot-1,tʂʰə⁵⁵,182,false,expert,Sims2020,,,,#0335
Lanping-70_foot-1-1,Lanping-70_foot-1,tʂʰə⁵³,182,false,expert,Sims2020,,,,#0335
Jiulong-70_foot-1-1,Jiulong-70_foot-1,tʂʰɿ⁵⁵,182,false,expert,Sims2020,,,,#0335
Taoping-68_flee-1-1,Taoping-68_flee-1,pʰu⁵⁵,92,false,expert,Sims2020,,,,#2253
Longxi-68_flee-1-1,Longxi-68_flee-1,dà_pʰó,92,false,expert,Sims2020,,,,#2253
Yonghe-68_flee-1-1,Yonghe-68_flee-1,dò_pʰú,92,false,expert,Sims2020,,,,#2253
Wadu-68_flee-1-1,Wadu-68_flee-1,pʰĩ̀,92,false,expert,Sims2020,,,,#2253
Niuwozi-68_flee-1-1,Niuwozi-68_flee-1,pʰjɛ̃ᴿ,92,false,expert,Sims2020,,,,#2253
Dayang-68_flee-1-1,Dayang-68_flee-1,ptʃʰĩ̌,92,false,expert,Sims2020,,,,#2253
Qinghua-68_flee-1-1,Qinghua-68_flee-1,pʰʒã⁵⁵,92,false,expert,Sims2020,,,,#2253
Lanping-68_flee-1-1,Lanping-68_flee-1,kʰə¹³_pʰʃã⁵⁵,92,false,expert,Sims2020,,,,#2253
Jiulong-68_flee-1-1,Jiulong-68_flee-1,pʰã⁵⁵,92,false,expert,Sims2020,,,,#2253
Taoping-67_flea-1-1,Taoping-67_flea-1,tsu⁵⁵_lu⁵⁵,105,false,expert,Sims2020,,,,#2414
Wadu-67_flea-1-1,Wadu-67_flea-1,l̥ɛj́,105,false,expert,Sims2020,,,,#2414
Niuwozi-67_flea-1-1,Niuwozi-67_flea-1,l̥ɜjᶠ,105,false,expert,Sims2020,,,,#2414
Taoba-67_flea-1-1,Taoba-67_flea-1,ɬe⁵³,105,false,expert,Sims2020,,,,#2414
Qinghua-67_flea-1-1,Qinghua-67_flea-1,ɬa⁵⁵,105,false,expert,Sims2020,,,,#2414
Lanping-67_flea-1-1,Lanping-67_flea-1,ɬa⁵⁵,105,false,expert,Sims2020,,,,#2414
Jiulong-67_flea-1-1,Jiulong-67_flea-1,ɬɛi⁵⁵,105,false,expert,Sims2020,,,,#2414
Taoping-66_firewood-1-1,Taoping-66_firewood-1,sie³³,155,false,expert,Sims2020,,,,#2658
Longxi-66_firewood-1-1,Longxi-66_firewood-1,ɕì,155,false,expert,Sims2020,,,,#2658
Mianchi-66_firewood-1-1,Mianchi-66_firewood-1,sè,155,false,expert,Sims2020,,,,#2658
Yonghe-66_firewood-1-1,Yonghe-66_firewood-1,sɛ́,155,false,expert,Sims2020,,,,#2658
Wadu-66_firewood-1-1,Wadu-66_firewood-1,sěŋ,155,false,expert,Sims2020,,,,#2658
Niuwozi-66_firewood-1-1,Niuwozi-66_firewood-1,sjẽᴿ,155,false,expert,Sims2020,,,,#2658
Taoba-66_firewood-1-1,Taoba-66_firewood-1,sẽ³⁵,155,false,expert,Sims2020,,,,#2658
Qinghua-66_firewood-1-1,Qinghua-66_firewood-1,siɛ̃¹³,155,false,expert,Sims2020,,,,#2658
Lanping-66_firewood-1-1,Lanping-66_firewood-1,siɛ̃¹³,155,false,expert,Sims2020,,,,#2658
Jiulong-66_firewood-1-1,Jiulong-66_firewood-1,sẽ⁵⁵,155,false,expert,Sims2020,,,,#2658
Taoping-62_fearbeafraid-1-1,Taoping-62_fearbeafraid-1,qu³³,165,false,expert,Sims2020,,,,#2249
Longxi-60_feardifficulty-1-1,Longxi-60_feardifficulty-1,qò,165,false,expert,Sims2020,,,,#2249
Mianchi-59_fear-1-1,Mianchi-59_fear-1,kòu,165,false,expert,Sims2020,,,,#2249
Wadu-62_fearbeafraid-1-1,Wadu-62_fearbeafraid-1,kɐ̌,165,false,expert,Sims2020,,,,#2249
Niuwozi-62_fearbeafraid-1-1,Niuwozi-62_fearbeafraid-1,kjɜ̌,165,false,expert,Sims2020,,,,#2249
Taoba-62_fearbeafraid-1-1,Taoba-62_fearbeafraid-1,xiɐ³⁵,165,false,expert,Sims2020,,,,#2249
Qinghua-62_fearbeafraid-1-1,Qinghua-62_fearbeafraid-1,skiɛ¹³,165,false,expert,Sims2020,,,,#2249
Taoping-56_eye-1-1,Taoping-56_eye-1,mi⁵⁵,188,false,expert,Sims2020,,,,#0681
Longxi-56_eye-1-1,Longxi-56_eye-1,ȵí_má_toù,188,false,expert,Sims2020,,,,#0681
Mianchi-56_eye-1-1,Mianchi-56_eye-1,mù_tié,188,false,expert,Sims2020,,,,#0681
Yonghe-56_eye-1-1,Yonghe-56_eye-1,mí_kjæ̀,188,false,expert,Sims2020,,,,#0681
Wadu-56_eye-1-1,Wadu-56_eye-1,njæ_HL,188,false,expert,Sims2020,,,,#0681
Niuwozi-56_eye-1-1,Niuwozi-56_eye-1,mjaᶠ,188,false,expert,Sims2020,,,,#0681
Dayang-56_eye-1-1,Dayang-56_eye-1,myɑ́N,188,false,expert,Sims2020,,,,#0681
Taoba-56_eye-1-1,Taoba-56_eye-1,ȵiɛ⁵³,188,false,expert,Sims2020,,,,#0681
Qinghua-56_eye-1-1,Qinghua-56_eye-1,miɑ⁵⁵,188,false,expert,Sims2020,,,,#0681
Lanping-56_eye-1-1,Lanping-56_eye-1,miɑ⁵⁵,188,false,expert,Sims2020,,,,#0681
Jiulong-56_eye-1-1,Jiulong-56_eye-1,ȵə³⁵,188,false,expert,Sims2020,,,,#0681
Taoping-53_elbow-1-1,Taoping-53_elbow-1,i³³_kye³³_kye³³,164,false,expert,Sims2020,,,,#0307
Taoba-53_elbow-1-1,Taoba-53_elbow-1,ʑɛ³⁵_ku³⁵,164,false,expert,Sims2020,,,,#0307
Qinghua-53_elbow-1-1,Qinghua-53_elbow-1,ʒɛ¹³_kʰu⁵⁵,164,false,expert,Sims2020,,,,#0307
Lanping-53_elbow-1-1,Lanping-53_elbow-1,ʒɛ⁵⁵_xqo¹³,164,false,expert,Sims2020,,,,#0307
Taoping-52_easy-1-1,Taoping-52_easy-1,zie³¹,36,false,expert,Sims2020,,,,
Mianchi-52_easy-1-1,Mianchi-52_easy-1,_zɛ̀,36,false,expert,Sims2020,,,,
Yonghe-52_easy-1-1,Yonghe-52_easy-1,zə̌,36,false,expert,Sims2020,,,,
Taoba-52_easy-1-1,Taoba-52_easy-1,ʑe³⁵_ʑe⁵⁵_mə⁵³,36,false,expert,Sims2020,,,,
Qinghua-52_easy-1-1,Qinghua-52_easy-1,stʃɛ¹³_stʃɛ¹³,36,false,expert,Sims2020,,,,
Lanping-52_easy-1-1,Lanping-52_easy-1,ʃtʃɛ¹³_ʃtʃɛ⁵⁵,36,false,expert,Sims2020,,,,
Jiulong-52_easy-1-1,Jiulong-52_easy-1,dʑə³⁵_dʑə³⁵,36,false,expert,Sims2020,,,,
Taoping-50_drum-1-1,Taoping-50_drum-1,χbu³³,49,false,expert,Sims2020,,,,
Longxi-50_drum-1-1,Longxi-50_drum-1,bù,49,false,expert,Sims2020,,,,
Mianchi-50_drum-1-1,Mianchi-50_drum-1,bù,49,false,expert,Sims2020,,,,
Taoping-46_dragon-1-1,Taoping-46_dragon-1,χbə²⁴¹,4,false,expert,Sims2020,,,,#3629
Longxi-46_dragon-1-1,Longxi-46_dragon-1,bú,4,false,expert,Sims2020,,,,#3629
Mianchi-46_dragon-1-1,Mianchi-46_dragon-1,bú,4,false,expert,Sims2020,,,,#3629
Taoba-46_dragon-1-1,Taoba-46_dragon-1,bʐo⁵⁵,4,false,expert,Sims2020,,,,#3629
Taoping-43_deity-1-1,Taoping-43_deity-1,tsʰie³³,110,false,expert,Sims2020,,,,
Longxi-43_deity-1-1,Longxi-43_deity-1,tɕʰí,110,false,expert,Sims2020,,,,
Mianchi-43_deity-1-1,Mianchi-43_deity-1,sé,110,false,expert,Sims2020,,,,
Yonghe-43_deity-1-1,Yonghe-43_deity-1,sɨ́,110,false,expert,Sims2020,,,,
Wadu-43_deity-1-1,Wadu-43_deity-1,hí,110,false,expert,Sims2020,,,,
Niuwozi-43_deity-1-1,Niuwozi-43_deity-1,xeᴴ,110,false,expert,Sims2020,,,,
Dayang-43_deity-1-1,Dayang-43_deity-1,ɕé,110,false,expert,Sims2020,,,,
Qinghua-215_temple-1-1,Qinghua-215_temple-1,ɕe⁵⁵_tʃə̃⁵⁵,110,false,expert,Sims2020,,,,
Lanping-215_temple-1-1,Lanping-215_temple-1,ɕe⁵⁵_tʃə̃⁵⁵,110,false,expert,Sims2020,,,,
Taoping-42_deaf-1-1,Taoping-42_deaf-1,ȵi³¹_kie³³_bu²⁴¹,125,false,expert,Sims2020,,,,#1409
Longxi-42_deaf-1-1,Longxi-42_deaf-1,ȵì_bò,125,false,expert,Sims2020,,,,#1409
Mianchi-42_deaf-1-1,Mianchi-42_deaf-1,bù,125,false,expert,Sims2020,,,,#1409
Yonghe-42_deaf-1-1,Yonghe-42_deaf-1,ȵí_kwì_bù,125,false,expert,Sims2020,,,,#1409
Wadu-42_deaf-1-1,Wadu-42_deaf-1,da_bõ̌,125,false,expert,Sims2020,,,,#1409
Niuwozi-42_deaf-1-1,Niuwozi-42_deaf-1,bõᴿ,125,false,expert,Sims2020,,,,#1409
Taoba-42_deaf-1-1,Taoba-42_deaf-1,zɐ³⁵_bõ³⁵,125,false,expert,Sims2020,,,,#1409
Qinghua-42_deaf-1-1,Qinghua-42_deaf-1,sdə¹³_bõ¹³,125,false,expert,Sims2020,,,,#1409
Lanping-42_deaf-1-1,Lanping-42_deaf-1,zdə¹³_bõ¹³,125,false,expert,Sims2020,,,,#1409
Jiulong-42_deaf-1-1,Jiulong-42_deaf-1,zɑ¹¹_bũ⁵⁵,125,false,expert,Sims2020,,,,#1409
Taoping-39_dark-1-1,Taoping-39_dark-1,mu³³,51,false,expert,Sims2020,,,,#2465
Longxi-39_dark-1-1,Longxi-39_dark-1,ɦà-mù,51,false,expert,Sims2020,,,,#2465
Mianchi-39_dark-1-1,Mianchi-39_dark-1,mò,51,false,expert,Sims2020,,,,#2465
Taoping-38_dancejump-1-1,Taoping-38_dancejump-1,tsʰu⁵⁵_ta⁵⁵,112,false,expert,Sims2020,,,,#5658
Longxi-38_dancejump-1-1,Longxi-38_dancejump-1,tsʰó_tà,112,false,expert,Sims2020,,,,#5658
Mianchi-38_dancejump-1-1,Mianchi-38_dancejump-1,soú,112,false,expert,Sims2020,,,,#5658
Yonghe-38_dancejump-1-1,Yonghe-38_dancejump-1,sú_tɛ̀,112,false,expert,Sims2020,,,,#5658
Wadu-38_dancejump-1-1,Wadu-38_dancejump-1,tsʰú,112,false,expert,Sims2020,,,,#5658
Niuwozi-38_dancejump-1-1,Niuwozi-38_dancejump-1,tsʰoᶠ,112,false,expert,Sims2020,,,,#5658
Taoba-38_dancejump-1-1,Taoba-38_dancejump-1,dʑɛ³⁵_tsʰo³⁵,112,false,expert,Sims2020,,,,#5658
Qinghua-38_dancejump-1-1,Qinghua-38_dancejump-1,tsʰa⁵⁵_tsʰo⁵⁵,112,false,expert,Sims2020,,,,#5658
Lanping-38_dancejump-1-1,Lanping-38_dancejump-1,xə¹³_tsʰo⁵⁵,112,false,expert,Sims2020,,,,#5658
Jiulong-38_dancejump-1-1,Jiulong-38_dancejump-1,tɕɯ⁵⁵_tsʰə⁵⁵,112,false,expert,Sims2020,,,,#5658
Taoping-33_come-1-1,Taoping-33_come-1,ly³³,177,false,expert,Sims2020,,,,#3569
Longxi-33_come-1-1,Longxi-33_come-1,lò,177,false,expert,Sims2020,,,,#3569
Mianchi-33_come-1-1,Mianchi-33_come-1,ȵù,177,false,expert,Sims2020,,,,#3569
Wadu-33_come-1-1,Wadu-33_come-1,ʑə̌,177,false,expert,Sims2020,,,,#3569
Niuwozi-33_come-1-1,Niuwozi-33_come-1,ʒɨᴿ,177,false,expert,Sims2020,,,,#3569
Taoba-33_come-1-1,Taoba-33_come-1,ju³⁵,177,false,expert,Sims2020,,,,#3569
Qinghua-33_come-1-1,Qinghua-33_come-1,i¹³,177,false,expert,Sims2020,,,,#3569
Lanping-33_come-1-1,Lanping-33_come-1,ʒə³⁵,177,false,expert,Sims2020,,,,#3569
Jiulong-33_come-1-1,Jiulong-33_come-1,li³⁵,177,false,expert,Sims2020,,,,#3569
Taoping-32_cloud-1-1,Taoping-32_cloud-1,χde³³,94,false,expert,Sims2020,,,,#5656
Longxi-32_cloud-1-1,Longxi-32_cloud-1,dá_mù,94,false,expert,Sims2020,,,,#5656
Mianchi-32_cloud-1-1,Mianchi-32_cloud-1,dá_mò,94,false,expert,Sims2020,,,,#5656
Yonghe-32_cloud-1-1,Yonghe-32_cloud-1,dá,94,false,expert,Sims2020,,,,#5656
Niuwozi-32_cloud-1-1,Niuwozi-32_cloud-1,dĩᴴ,94,false,expert,Sims2020,,,,#5656
Dayang-32_cloud-1-1,Dayang-32_cloud-1,zdĩ́,94,false,expert,Sims2020,,,,#5656
Qinghua-32_cloud-1-1,Qinghua-32_cloud-1,sdĩ⁵⁵,94,false,expert,Sims2020,,,,#5656
Lanping-32_cloud-1-1,Lanping-32_cloud-1,zdĩ⁵⁵,94,false,expert,Sims2020,,,,#5656
Jiulong-32_cloud-1-1,Jiulong-32_cloud-1,dẽ³⁵,94,false,expert,Sims2020,,,,#5656
Taoping-29_clearofwater-1-1,Taoping-29_clearofwater-1,dʐe³³,170,false,expert,Sims2020,,,,
Lanping-29_clearofwater-1-1,Lanping-29_clearofwater-1,dʐuɛ̃¹³_si⁵⁵,170,false,expert,Sims2020,,,,
Taoping-27_chop-1-1,Taoping-27_chop-1,tsʰuɑ⁵⁵,9,false,expert,Sims2020,,,,#2763
Longxi-27_chop-1-1,Longxi-27_chop-1,tsʰuá_dà,9,false,expert,Sims2020,,,,#2763
Mianchi-27_chop-1-1,Mianchi-27_chop-1,tsʰoú_tià,9,false,expert,Sims2020,,,,#2763
Yonghe-27_chop-1-1,Yonghe-27_chop-1,tsʰwɑ́_tɛ̀,9,false,expert,Sims2020,,,,#2763
Qinghua-27_chop-1-1,Qinghua-27_chop-1,tʰə¹³_stʃɑ⁵⁵,9,false,expert,Sims2020,,,,#2763
Lanping-27_chop-1-1,Lanping-27_chop-1,tʰə¹³_ʃtʃɑ⁵⁵,9,false,expert,Sims2020,,,,#2763
Taoping-25_cavemountain-1-1,Taoping-25_cavemountain-1,ʐɑ³³_pu³³,162,false,expert,Sims2020,,,,
Yonghe-24_cave-1-1,Yonghe-24_cave-1,ɦɑ̀_pú,162,false,expert,Sims2020,,,,
Jiulong-24_cave-1-1,Jiulong-24_cave-1,ʐə¹¹_pu⁵⁵,162,false,expert,Sims2020,,,,
Taoping-23_cat-1-1,Taoping-23_cat-1,ma³¹_ȵy⁵⁵,22,false,expert,Sims2020,,,,
Longxi-23_cat-1-1,Longxi-23_cat-1,máȵú,22,false,expert,Sims2020,,,,
Yonghe-23_cat-1-1,Yonghe-23_cat-1,mæ̀_ȵwí,22,false,expert,Sims2020,,,,
Niuwozi-23_cat-1-1,Niuwozi-23_cat-1,mɜᴸ_tsɨᴿ,22,false,expert,Sims2020,,,,
Taoba-23_cat-1-1,Taoba-23_cat-1,mɐ³⁵_tsə⁵⁵,22,false,expert,Sims2020,,,,
Qinghua-23_cat-1-1,Qinghua-23_cat-1,mɐ¹³_tsə⁵⁵,22,false,expert,Sims2020,,,,
Jiulong-23_cat-1-1,Jiulong-23_cat-1,mu¹¹_ȵi⁵⁵,22,false,expert,Sims2020,,,,
Taoping-22_buttocks-1-1,Taoping-22_buttocks-1,tʰɑ³¹_bɑ³³,56,false,expert,Sims2020,,,,
Longxi-236_vulva-1-1,Longxi-236_vulva-1,tʰà_bá,56,false,expert,Sims2020,,,,
Taoping-17_breakviofrope-1-1,Taoping-17_breakviofrope-1,bʐe³³,185,false,expert,Sims2020,,,,#1787
Longxi-17_breakviofrope-1-1,Longxi-17_breakviofrope-1,bà,185,false,expert,Sims2020,,,,#1787
Mianchi-17_breakviofrope-1-1,Mianchi-17_breakviofrope-1,pʰɚ̌,185,false,expert,Sims2020,,,,#1787
Dayang-188_snapvi-1-1,Dayang-188_snapvi-1,bʐɛ̌,185,false,expert,Sims2020,,,,#1787
Taoba-17_breakviofrope-1-1,Taoba-17_breakviofrope-1,tə³⁵_bʐɛ³⁵,185,false,expert,Sims2020,,,,#1787
Qinghua-17_breakviofrope-1-1,Qinghua-17_breakviofrope-1,tʰə¹³_pʐɛ¹³,185,false,expert,Sims2020,,,,#1787
Taoping-15_bone-1-1,Taoping-15_bone-1,ʐɑ³¹_kie³³,161,false,expert,Sims2020,,,,#0232
Longxi-15_bone-1-1,Longxi-15_bone-1,ɹà_ká,161,false,expert,Sims2020,,,,#0232
Mianchi-15_bone-1-1,Mianchi-15_bone-1,ʐæ̀_ʁoù,161,false,expert,Sims2020,,,,#0232
Yonghe-15_bone-1-1,Yonghe-15_bone-1,ɦàʴ_kjɛ́,161,false,expert,Sims2020,,,,#0232
Wadu-15_bone-1-1,Wadu-15_bone-1,ɹà_qá,161,false,expert,Sims2020,,,,#0232
Niuwozi-15_bone-1-1,Niuwozi-15_bone-1,ɹɜᴸ_kɑᴴ,161,false,expert,Sims2020,,,,#0232
Dayang-15_bone-1-1,Dayang-15_bone-1,rɑ́_qɑ̌,161,false,expert,Sims2020,,,,#0232
Taoba-15_bone-1-1,Taoba-15_bone-1,rɛ³⁵_ka⁵³,161,false,expert,Sims2020,,,,#0232
Qinghua-15_bone-1-1,Qinghua-15_bone-1,ʐɑ⁵⁵_qɑ¹³,161,false,expert,Sims2020,,,,#0232
Lanping-15_bone-1-1,Lanping-15_bone-1,ʐɑ⁵⁵_qɑ¹³,161,false,expert,Sims2020,,,,#0232
Jiulong-15_bone-1-1,Jiulong-15_bone-1,ʐɑ¹¹_qɑ⁵⁵,161,false,expert,Sims2020,,,,#0232
Taoping-14_blow-1-1,Taoping-14_blow-1,pʰə³³,2,false,expert,Sims2020,,,,#0075
Longxi-14_blow-1-1,Longxi-14_blow-1,phú,2,false,expert,Sims2020,,,,#0075
Lanping-14_blow-1-1,Lanping-14_blow-1,pʰu⁵⁵_py⁵⁵,2,false,expert,Sims2020,,,,#0075
Taoping-12_blood-1-1,Taoping-12_blood-1,sa³³,154,false,expert,Sims2020,,,,#0230
Longxi-12_blood-1-1,Longxi-12_blood-1,sà,154,false,expert,Sims2020,,,,#0230
Mianchi-12_blood-1-1,Mianchi-12_blood-1,sà,154,false,expert,Sims2020,,,,#0230
Yonghe-12_blood-1-1,Yonghe-12_blood-1,sɑ̌,154,false,expert,Sims2020,,,,#0230
Wadu-12_blood-1-1,Wadu-12_blood-1,sɛ̌j,154,false,expert,Sims2020,,,,#0230
Niuwozi-12_blood-1-1,Niuwozi-12_blood-1,sɜjᴿ,154,false,expert,Sims2020,,,,#0230
Dayang-12_blood-1-1,Dayang-12_blood-1,sǎ,154,false,expert,Sims2020,,,,#0230
Taoba-12_blood-1-1,Taoba-12_blood-1,se³⁵,154,false,expert,Sims2020,,,,#0230
Qinghua-12_blood-1-1,Qinghua-12_blood-1,sa¹³,154,false,expert,Sims2020,,,,#0230
Lanping-12_blood-1-1,Lanping-12_blood-1,sa¹³,154,false,expert,Sims2020,,,,#0230
Jiulong-12_blood-1-1,Jiulong-12_blood-1,sɛi³⁵,154,false,expert,Sims2020,,,,#0230
Taoping-10_black-1-1,Taoping-10_black-1,ȵi⁵⁵_ȵi³¹,158,false,expert,Sims2020,,,,#2483
Longxi-10_black-1-1,Longxi-10_black-1,ȵí,158,false,expert,Sims2020,,,,#2483
Mianchi-10_black-1-1,Mianchi-10_black-1,nə̀,158,false,expert,Sims2020,,,,#2483
Yonghe-10_black-1-1,Yonghe-10_black-1,ȵǐ,158,false,expert,Sims2020,,,,#2483
Wadu-10_black-1-1,Wadu-10_black-1,njæ̌,158,false,expert,Sims2020,,,,#2483
Niuwozi-10_black-1-1,Niuwozi-10_black-1,njɑᴿ,158,false,expert,Sims2020,,,,#2483
Dayang-10_black-1-1,Dayang-10_black-1,ȵɑ̌N,158,false,expert,Sims2020,,,,#2483
Taoba-10_black-1-1,Taoba-10_black-1,ȵɛ³⁵_mə⁵³,158,false,expert,Sims2020,,,,#2483
Qinghua-10_black-1-1,Qinghua-10_black-1,ȵɑ³⁵,158,false,expert,Sims2020,,,,#2483
Lanping-10_black-1-1,Lanping-10_black-1,ȵɑ³⁵,158,false,expert,Sims2020,,,,#2483
Taoping-9_bitter-1-1,Taoping-9_bitter-1,qʰa⁵⁵,168,false,expert,Sims2020,,,,#0229
Longxi-9_bitter-1-1,Longxi-9_bitter-1,qʰà,168,false,expert,Sims2020,,,,#0229
Mianchi-9_bitter-1-1,Mianchi-9_bitter-1,qʰà,168,false,expert,Sims2020,,,,#0229
Yonghe-9_bitter-1-1,Yonghe-9_bitter-1,kʰɑ́,168,false,expert,Sims2020,,,,#0229
Wadu-9_bitter-1-1,Wadu-9_bitter-1,qʰæ̌,168,false,expert,Sims2020,,,,#0229
Niuwozi-9_bitter-1-1,Niuwozi-9_bitter-1,kʰaᴿ,168,false,expert,Sims2020,,,,#0229
Dayang-9_bitter-1-1,Dayang-9_bitter-1,qʰɑ̌,168,false,expert,Sims2020,,,,#0229
Taoba-9_bitter-1-1,Taoba-9_bitter-1,kʰa³⁵_mə⁵³,168,false,expert,Sims2020,,,,#0229
Qinghua-9_bitter-1-1,Qinghua-9_bitter-1,qʰɑ¹³,168,false,expert,Sims2020,,,,#0229
Lanping-9_bitter-1-1,Lanping-9_bitter-1,qʰɑ¹³,168,false,expert,Sims2020,,,,#0229
Jiulong-9_bitter-1-1,Jiulong-9_bitter-1,qʰɑ⁵⁵,168,false,expert,Sims2020,,,,#0229
Taoping-7_bee-1-1,Taoping-7_bee-1,bə³¹_dʑy³³,126,false,expert,Sims2020,,,,#2187
Longxi-7_bee-1-1,Longxi-7_bee-1,bù-iù,126,false,expert,Sims2020,,,,#2187
Mianchi-7_bee-1-1,Mianchi-7_bee-1,bù-ʑoú,126,false,expert,Sims2020,,,,#2187
Yonghe-7_bee-1-1,Yonghe-7_bee-1,bù_ʐú,126,false,expert,Sims2020,,,,#2187
Wadu-7_bee-1-1,Wadu-7_bee-1,bʉ_HL,126,false,expert,Sims2020,,,,#2187
Niuwozi-7_bee-1-1,Niuwozi-7_bee-1,bɨᶠ,126,false,expert,Sims2020,,,,#2187
Dayang-7_bee-1-1,Dayang-7_bee-1,bɨ́,126,false,expert,Sims2020,,,,#2187
Lanping-7_bee-1-1,Lanping-7_bee-1,bʒɛ¹³_tʃə⁵⁵,126,false,expert,Sims2020,,,,#2187
Jiulong-7_bee-1-1,Jiulong-7_bee-1,bi³⁵_lĩ⁵⁵,126,false,expert,Sims2020,,,,#2187
Taoping-6_beard-1-1,Taoping-6_beard-1,tsʰuə⁵⁵_χmə³³,8,false,expert,Sims2020,,,,#0370
Yonghe-6_beard-1-1,Yonghe-6_beard-1,tsʰə́_mù,8,false,expert,Sims2020,,,,#0370
Taoba-6_beard-1-1,Taoba-6_beard-1,a³⁵_sõ⁵³,8,false,expert,Sims2020,,,,#0370
Qinghua-6_beard-1-1,Qinghua-6_beard-1,a¹³_stiɑ̃u⁵⁵,8,false,expert,Sims2020,,,,#0370
Jiulong-6_beard-1-1,Jiulong-6_beard-1,a³³_sũ⁵⁵,8,false,expert,Sims2020,,,,#0370
Taoping-5_bethirsty-1-1,Taoping-5_bethirsty-1,χpa⁵⁵,42,false,expert,Sims2020,,,,
Longxi-239_waterdirectionalthirst-1-1,Longxi-239_waterdirectionalthirst-1,tsù_tə̀-pià,42,false,expert,Sims2020,,,,
Mianchi-5_bethirsty-1-1,Mianchi-5_bethirsty-1,pià,42,false,expert,Sims2020,,,,
Yonghe-5_bethirsty-1-1,Yonghe-5_bethirsty-1,tə̀-pǽ,42,false,expert,Sims2020,,,,
Taoping-3_belong-1-1,Taoping-3_belong-1,dʐe³³,114,false,expert,Sims2020,,,,#1011
Longxi-3_belong-1-1,Longxi-3_belong-1,dʐé,114,false,expert,Sims2020,,,,#1011
Mianchi-3_belong-1-1,Mianchi-3_belong-1,dʐé,114,false,expert,Sims2020,,,,#1011
Yonghe-3_belong-1-1,Yonghe-3_belong-1,dʐí,114,false,expert,Sims2020,,,,#1011
Wadu-3_belong-1-1,Wadu-3_belong-1,ɻǽŋ,114,false,expert,Sims2020,,,,#1011
Dayang-3_belong-1-1,Dayang-3_belong-1,ʂã́,114,false,expert,Sims2020,,,,#1011
Taoba-3_belong-1-1,Taoba-3_belong-1,ʂã⁵⁵_mə⁵³,114,false,expert,Sims2020,,,,#1011
Qinghua-3_belong-1-1,Qinghua-3_belong-1,ʂã⁵⁵,114,false,expert,Sims2020,,,,#1011
Lanping-3_belong-1-1,Lanping-3_belong-1,ʂã⁵⁵,114,false,expert,Sims2020,,,,#1011
Jiulong-3_belong-1-1,Jiulong-3_belong-1,ʂã⁵⁵,114,false,expert,Sims2020,,,,#1011
Taoping-1_answerreplyv-1-1,Taoping-1_answerreplyv-1,χgye³³,27,false,expert,Sims2020,,,,
Longxi-1_answerreplyv-1-1,Longxi-1_answerreplyv-1,guà,27,false,expert,Sims2020,,,,
Lanping-1_answerreplyv-1-1,Lanping-1_answerreplyv-1,tə¹³_gui³⁵_ski⁵⁵,27,false,expert,Sims2020,,,,
Mianchi-88_harvestreap-1-1,Mianchi-88_harvestreap-1,kú,5,false,expert,Sims2020,,,,
Yonghe-88_harvestreap-1-1,Yonghe-88_harvestreap-1,ɦɛ̀_kwɛ́,5,false,expert,Sims2020,,,,
Lanping-88_harvestreap-1-1,Lanping-88_harvestreap-1,xə¹³_kɯ⁵⁵,5,false,expert,Sims2020,,,,
Jiulong-88_harvestreap-1-1,Jiulong-88_harvestreap-1,kɯ⁵⁵_ʐe⁵⁵,5,false,expert,Sims2020,,,,
Longxi-65_fightgotowar-1-1,Longxi-65_fightgotowar-1,qù_quá,6,false,expert,Sims2020,,,,
Mianchi-65_fightgotowar-1-1,Mianchi-65_fightgotowar-1,dʐuɛ̀_quá,6,false,expert,Sims2020,,,,
Lanping-65_fightgotowar-1-1,Lanping-65_fightgotowar-1,qo⁵⁵_qua⁵⁵,6,false,expert,Sims2020,,,,
Longxi-112_life-1-1,Longxi-112_life-1,tsɨ́,7,false,expert,Sims2020,,,,
Lanping-113_lifespan-1-1,Lanping-113_lifespan-1,tsi⁵⁵,7,false,expert,Sims2020,,,,
Jiulong-112_life-1-1,Jiulong-112_life-1,tsi³⁵,7,false,expert,Sims2020,,,,
Longxi-201_stab-1-1,Longxi-201_stab-1,tɕʰí,11,false,expert,Sims2020,,,,
Mianchi-201_stab-1-1,Mianchi-201_stab-1,tsʰoú,11,false,expert,Sims2020,,,,
Lanping-201_stab-1-1,Lanping-201_stab-1,tsʰu⁵⁵,11,false,expert,Sims2020,,,,
Mianchi-165_rinseflush-1-1,Mianchi-165_rinseflush-1,tʂʰuá,12,false,expert,Sims2020,,,,
Lanping-165_rinseflush-1-1,Lanping-165_rinseflush-1,tʃʰõ⁵⁵,12,false,expert,Sims2020,,,,
Yonghe-45_direction-1-1,Yonghe-45_direction-1,dʑí,13,false,expert,Sims2020,,,,
Wadu-45_direction-1-1,Wadu-45_direction-1,dʑí,13,false,expert,Sims2020,,,,
Longxi-31_clearclean-1-1,Longxi-31_clearclean-1,ɕó,14,false,expert,Sims2020,,,,#2745
Mianchi-31_clearclean-1-1,Mianchi-31_clearclean-1,ɕó_té,14,false,expert,Sims2020,,,,#2745
Wadu-31_clearclean-1-1,Wadu-31_clearclean-1,ʂṍ,14,false,expert,Sims2020,,,,#2745
Niuwozi-31_clearclean-1-1,Niuwozi-31_clearclean-1,ʂõᴴ,14,false,expert,Sims2020,,,,#2745
Taoba-31_clearclean-1-1,Taoba-31_clearclean-1,ʂã⁵⁵_n̥iɛ⁵⁵_mə⁵³,14,false,expert,Sims2020,,,,#2745
Qinghua-31_clearclean-1-1,Qinghua-31_clearclean-1,ʂõ⁵⁵_ne⁵⁵,14,false,expert,Sims2020,,,,#2745
Jiulong-31_clearclean-1-1,Jiulong-31_clearclean-1,ʂã⁵⁵,14,false,expert,Sims2020,,,,#2745
Yonghe-133_obstruct-1-1,Yonghe-133_obstruct-1,ɦæ̀-ʑwǽ,17,false,expert,Sims2020,,,,
Wadu-133_obstruct-1-1,Wadu-133_obstruct-1,ɐ̀-ʐwĩ́,17,false,expert,Sims2020,,,,
Lanping-133_obstruct-1-1,Lanping-133_obstruct-1,kʰə¹³_ʐa⁵⁵,17,false,expert,Sims2020,,,,
Jiulong-133_obstruct-1-1,Jiulong-133_obstruct-1,xa¹¹_ʐo⁵⁵,17,false,expert,Sims2020,,,,
Mianchi-44_delicious-1-1,Mianchi-44_delicious-1,ʑé,18,false,expert,Sims2020,,,,#2221
Yonghe-44_delicious-1-1,Yonghe-44_delicious-1,ʑí,18,false,expert,Sims2020,,,,#2221
Wadu-44_delicious-1-1,Wadu-44_delicious-1,ʐṍ,18,false,expert,Sims2020,,,,#2221
Taoba-44_delicious-1-1,Taoba-44_delicious-1,ʐẽ⁵⁵_mə⁵³,18,false,expert,Sims2020,,,,#2221
Qinghua-44_delicious-1-1,Qinghua-44_delicious-1,ʐə̃⁵⁵_ti¹³,18,false,expert,Sims2020,,,,#2221
Lanping-44_delicious-1-1,Lanping-44_delicious-1,ʒẽ⁵⁵_ti⁵⁵,18,false,expert,Sims2020,,,,#2221
Jiulong-44_delicious-1-1,Jiulong-44_delicious-1,ʑĩ³⁵,18,false,expert,Sims2020,,,,#2221
Mianchi-196_soup-1-1,Mianchi-196_soup-1,ʐɛ́,19,false,expert,Sims2020,,,,
Dayang-196_soup-1-1,Dayang-196_soup-1,rã̌,19,false,expert,Sims2020,,,,
Taoba-196_soup-1-1,Taoba-196_soup-1,rɛ̃⁵⁵,19,false,expert,Sims2020,,,,
Qinghua-196_soup-1-1,Qinghua-196_soup-1,ʂɑ¹³_ʐã⁵⁵,19,false,expert,Sims2020,,,,
Lanping-196_soup-1-1,Lanping-196_soup-1,ʂɑ¹³_ʐã⁵⁵,19,false,expert,Sims2020,,,,
Longxi-238_warmselfbyfire-1-1,Longxi-238_warmselfbyfire-1,mù_lé,21,false,expert,Sims2020,,,,
Taoba-238_warmselfbyfire-1-1,Taoba-238_warmselfbyfire-1,ma³⁵_liã⁵⁵,21,false,expert,Sims2020,,,,
Qinghua-238_warmselfbyfire-1-1,Qinghua-238_warmselfbyfire-1,mɐ¹³_lɛ̃⁵⁵,21,false,expert,Sims2020,,,,
Lanping-238_warmselfbyfire-1-1,Lanping-238_warmselfbyfire-1,mɐ¹³_lɛ̃⁵⁵,21,false,expert,Sims2020,,,,
Jiulong-238_warmselfbyfire-1-1,Jiulong-238_warmselfbyfire-1,ma³⁵_ɬə̃⁵⁵,21,false,expert,Sims2020,,,,
Longxi-151_plown-1-1,Longxi-151_plown-1,tò,24,false,expert,Sims2020,,,,
Mianchi-151_plown-1-1,Mianchi-151_plown-1,tò_kè,24,false,expert,Sims2020,,,,
Yonghe-151_plown-1-1,Yonghe-151_plown-1,tù_kwǽ,24,false,expert,Sims2020,,,,
Lanping-151_plown-1-1,Lanping-151_plown-1,tɑ̃u⁵⁵,24,false,expert,Sims2020,,,,
Jiulong-151_plown-1-1,Jiulong-151_plown-1,tũ³⁵,24,false,expert,Sims2020,,,,
Longxi-139_owl-1-1,Longxi-139_owl-1,ỳ_kʰù,25,false,expert,Sims2020,,,,#2252
Mianchi-139_owl-1-1,Mianchi-139_owl-1,kuì_tòŋ_kʰò,25,false,expert,Sims2020,,,,#2252
Yonghe-139_owl-1-1,Yonghe-139_owl-1,mǽ_kʰwì,25,false,expert,Sims2020,,,,#2252
Longxi-206_stone-1-1,Longxi-206_stone-1,gò,26,false,expert,Sims2020,,,,
Wadu-206_stone-1-1,Wadu-206_stone-1,gʉ̀_ɖóŋ,26,false,expert,Sims2020,,,,
Niuwozi-206_stone-1-1,Niuwozi-206_stone-1,gʉᴸ_bõᴴ,26,false,expert,Sims2020,,,,
Qinghua-206_stone-1-1,Qinghua-206_stone-1,sgø¹³,26,false,expert,Sims2020,,,,
Lanping-206_stone-1-1,Lanping-206_stone-1,zgø¹³,26,false,expert,Sims2020,,,,
Jiulong-206_stone-1-1,Jiulong-206_stone-1,guo¹¹_lũ⁵⁵,26,false,expert,Sims2020,,,,
Longxi-20_bundle-1-1,Longxi-20_bundle-1,què,29,false,expert,Sims2020,,,,
Mianchi-20_bundle-1-1,Mianchi-20_bundle-1,quà,29,false,expert,Sims2020,,,,
Jiulong-19_bunchbundle-1-1,Jiulong-19_bunchbundle-1,_qã¹¹,29,false,expert,Sims2020,,,,
Longxi-77_givebirth-1-1,Longxi-77_givebirth-1,ì,37,false,expert,Sims2020,,,,
Mianchi-77_givebirth-1-1,Mianchi-77_givebirth-1,ʑì,37,false,expert,Sims2020,,,,
Wadu-77_givebirth-1-1,Wadu-77_givebirth-1,ʑì,37,false,expert,Sims2020,,,,
Longxi-192_snowhailv-1-1,Longxi-192_snowhailv-1,dà_zì,39,false,expert,Sims2020,,,,#0671
Yonghe-83_haillitsnowhailround-1-1,Yonghe-83_haillitsnowhailround-1,pɔ̌-ʐɨ̀_lwìlwí,39,false,expert,Sims2020,,,,#0671
Taoba-84_hailn-1-1,Taoba-84_hailn-1,ʑẽ³⁵,39,false,expert,Sims2020,,,,#0671
Jiulong-84_hailn-1-1,Jiulong-84_hailn-1,zẽ³⁵,39,false,expert,Sims2020,,,,#0671
Longxi-252_yawn-1-1,Longxi-252_yawn-1,hà_há_pù,40,false,expert,Sims2020,,,,#1716
Mianchi-252_yawn-1-1,Mianchi-252_yawn-1,χà_pú,40,false,expert,Sims2020,,,,#1716
Wadu-252_yawn-1-1,Wadu-252_yawn-1,hɑ̀_ɕə̀,40,false,expert,Sims2020,,,,#1716
Jiulong-252_yawn-1-1,Jiulong-252_yawn-1,xɑ¹¹_xe¹¹,40,false,expert,Sims2020,,,,#1716
Longxi-156_priest-1-1,Longxi-156_priest-1,sɨ̀_pí,41,false,expert,Sims2020,,,,
Mianchi-156_priest-1-1,Mianchi-156_priest-1,pí,41,false,expert,Sims2020,,,,
Yonghe-164_riceraw-1-1,Yonghe-164_riceraw-1,kʰəʴ́,43,false,expert,Sims2020,,,,
Longxi-36_cough-1-1,Longxi-36_cough-1,tsʰú_tá,44,false,expert,Sims2020,,,,
Yonghe-36_cough-1-1,Yonghe-36_cough-1,tə̀-tsʰú,44,false,expert,Sims2020,,,,
Longxi-55_enclosesheep-1-1,Longxi-55_enclosesheep-1,tɕʰý,45,false,expert,Sims2020,,,,
Mianchi-55_enclosesheep-1-1,Mianchi-55_enclosesheep-1,kʰuí,45,false,expert,Sims2020,,,,
Yonghe-54_enclose-1-1,Yonghe-54_enclose-1,tɕʰwí,45,false,expert,Sims2020,,,,
Longxi-114_live-1-1,Longxi-114_live-1,sú,46,false,expert,Sims2020,,,,
Yonghe-139_owl-2-1,Yonghe-139_owl-2,mǽ_kʰwì,47,false,expert,Sims2020,,,,
Longxi-64_feedraise-1-1,Longxi-64_feedraise-1,mì,53,false,expert,Sims2020,,,,
Mianchi-64_feedraise-1-1,Mianchi-64_feedraise-1,mù,53,false,expert,Sims2020,,,,
Yonghe-64_feedraise-1-1,Yonghe-64_feedraise-1,mǐ,53,false,expert,Sims2020,,,,
Longxi-249_woundn-1-1,Longxi-249_woundn-1,qò_mì,54,false,expert,Sims2020,,,,
Longxi-194_soliddurable-1-1,Longxi-194_soliddurable-1,gù,58,false,expert,Sims2020,,,,
Longxi-213_tail-1-1,Longxi-213_tail-1,suà_kà,60,false,expert,Sims2020,,,,#3333
Mianchi-213_tail-1-1,Mianchi-213_tail-1,suà_kè,60,false,expert,Sims2020,,,,#3333
Yonghe-213_tail-1-1,Yonghe-213_tail-1,sù_kjɛ́,60,false,expert,Sims2020,,,,#3333
Longxi-234_vapor-1-1,Longxi-234_vapor-1,lə̀,62,false,expert,Sims2020,,,,
Mianchi-234_vapor-1-1,Mianchi-234_vapor-1,lè,62,false,expert,Sims2020,,,,
Wadu-248_widebroad-1-1,Wadu-248_widebroad-1,pú_H,64,false,expert,Sims2020,,,,
Dayang-248_widebroad-1-1,Dayang-248_widebroad-1,ɸpə́w,64,false,expert,Sims2020,,,,
Taoba-248_widebroad-1-1,Taoba-248_widebroad-1,po⁵⁵_mə⁵³,64,false,expert,Sims2020,,,,
Qinghua-248_widebroad-1-1,Qinghua-248_widebroad-1,spo⁵⁵,64,false,expert,Sims2020,,,,
Lanping-248_widebroad-1-1,Lanping-248_widebroad-1,fpo⁵⁵,64,false,expert,Sims2020,,,,
Jiulong-248_widebroad-1-1,Jiulong-248_widebroad-1,po⁵⁵,64,false,expert,Sims2020,,,,
Wadu-105_leaf-1-1,Wadu-105_leaf-1,pɑ̌,65,false,expert,Sims2020,,,,
Niuwozi-105_leaf-1-1,Niuwozi-105_leaf-1,sɜᴸ_pɑᴴ,65,false,expert,Sims2020,,,,
Taoba-105_leaf-1-1,Taoba-105_leaf-1,pa³⁵,65,false,expert,Sims2020,,,,
Qinghua-105_leaf-1-1,Qinghua-105_leaf-1,sɐ¹³_fpɑ⁵⁵,65,false,expert,Sims2020,,,,
Lanping-105_leaf-1-1,Lanping-105_leaf-1,sɐ¹³,65,false,expert,Sims2020,,,,
Jiulong-105_leaf-1-1,Jiulong-105_leaf-1,pɑ⁵⁵,65,false,expert,Sims2020,,,,
Niuwozi-229_untie-1-1,Niuwozi-229_untie-1,pʰʴəᴴ,66,false,expert,Sims2020,,,,#5646
Jiulong-219_throwout-1-1,Jiulong-219_throwout-1,nə¹¹_pʰə⁵⁵,67,false,expert,Sims2020,,,,#5556
Wadu-211_sun-1-1,Wadu-211_sun-1,bʉ́,68,false,expert,Sims2020,,,,
Niuwozi-211_sun-1-1,Niuwozi-211_sun-1,bɨᴴ,68,false,expert,Sims2020,,,,
Taoba-211_sun-1-1,Taoba-211_sun-1,bʉ⁵³,68,false,expert,Sims2020,,,,
Qinghua-211_sun-1-1,Qinghua-211_sun-1,by⁵⁵,68,false,expert,Sims2020,,,,
Lanping-211_sun-1-1,Lanping-211_sun-1,by⁵⁵,68,false,expert,Sims2020,,,,
Jiulong-211_sun-1-1,Jiulong-211_sun-1,bi³⁵,68,false,expert,Sims2020,,,,
Wadu-51_duck-1-1,Wadu-51_duck-1,bǽ,69,false,expert,Sims2020,,,,#5713
Niuwozi-51_duck-1-1,Niuwozi-51_duck-1,baᴴ,69,false,expert,Sims2020,,,,#5713
Taoba-51_duck-1-1,Taoba-51_duck-1,ba³⁵,69,false,expert,Sims2020,,,,#5713
Niuwozi-173_sheepmaleram-1-1,Niuwozi-173_sheepmaleram-1,tʰuᴴ,70,false,expert,Sims2020,,,,
Wadu-11_blind-1-1,Wadu-11_blind-1,qǔ,71,false,expert,Sims2020,,,,
Niuwozi-11_blind-1-1,Niuwozi-11_blind-1,kuᴴ,71,false,expert,Sims2020,,,,
Wadu-160_redunripegreenblue-1-1,Wadu-160_redunripegreenblue-1,ní,72,false,expert,Sims2020,,,,#2531
Niuwozi-80_greenblue-1-1,Niuwozi-80_greenblue-1,niᴴ,72,false,expert,Sims2020,,,,#2531
Taoba-80_greenblue-1-1,Taoba-80_greenblue-1,ȵi⁵⁵_na⁵⁵_mə⁵³,72,false,expert,Sims2020,,,,#2531
Lanping-102_lambkid-1-1,Lanping-102_lambkid-1,ʒɑ̃u⁵⁵_li⁵⁵,73,false,expert,Sims2020,,,,
Jiulong-102_lambkid-1-1,Jiulong-102_lambkid-1,ji⁵⁵_tsɿ⁵⁵,73,false,expert,Sims2020,,,,
Wadu-86_half-1-1,Wadu-86_half-1,pʰɑ̌,74,false,expert,Sims2020,,,,
Niuwozi-86_half-1-1,Niuwozi-86_half-1,pʰɑᴿ,74,false,expert,Sims2020,,,,
Taoba-86_half-1-1,Taoba-86_half-1,pʰa³⁵,74,false,expert,Sims2020,,,,
Lanping-86_half-1-1,Lanping-86_half-1,pʰa⁵⁵_tɕi¹³,74,false,expert,Sims2020,,,,
Lanping-21_butterfly-1-1,Lanping-21_butterfly-1,pʰɑ¹³_lɑ⁵⁵,75,false,expert,Sims2020,,,,
Wadu-69_fly-1-1,Wadu-69_fly-1,bǐŋ,76,false,expert,Sims2020,,,,
Niuwozi-69_fly-1-1,Niuwozi-69_fly-1,bjɛ̃ᴿ,76,false,expert,Sims2020,,,,
Wadu-14_blow-1-1,Wadu-14_blow-1,m̥ə̀,77,false,expert,Sims2020,,,,
Niuwozi-14_blow-1-1,Niuwozi-14_blow-1,m̥uᴿ,77,false,expert,Sims2020,,,,
Dayang-14_blow-1-1,Dayang-14_blow-1,m̥ə̃̌,77,false,expert,Sims2020,,,,
Taoba-14_blow-1-1,Taoba-14_blow-1,xə³⁵_m̥ə³⁵,77,false,expert,Sims2020,,,,
Lanping-14_blow-2-1,Lanping-14_blow-2,kʰə¹³_m̥ə¹³,77,false,expert,Sims2020,,,,
Jiulong-14_blow-1-1,Jiulong-14_blow-1,to³⁵,77,false,expert,Sims2020,,,,
Dayang-213_tail-1-1,Dayang-213_tail-1,mə́_ɬyé,78,false,expert,Sims2020,,,,#3560
Taoba-213_tail-1-1,Taoba-213_tail-1,mɐ̃³⁵_ɬio⁵³,78,false,expert,Sims2020,,,,#3560
Qinghua-213_tail-1-1,Qinghua-213_tail-1,mɐ¹³_ɬiɛ⁵⁵,78,false,expert,Sims2020,,,,#3560
Lanping-213_tail-1-1,Lanping-213_tail-1,mɐ¹³_ɬiɛ⁵⁵,78,false,expert,Sims2020,,,,#3560
Jiulong-213_tail-1-1,Jiulong-213_tail-1,mã³⁵,78,false,expert,Sims2020,,,,#3560
Taoba-26_choke-1-1,Taoba-26_choke-1,xə³⁵_tui³⁵,79,false,expert,Sims2020,,,,
Taoba-176_shoe-1-1,Taoba-176_shoe-1,tɕyi³⁵,80,false,expert,Sims2020,,,,
Qinghua-176_shoe-1-1,Qinghua-176_shoe-1,tsyi¹³,80,false,expert,Sims2020,,,,
Lanping-176_shoe-1-1,Lanping-176_shoe-1,tsyi¹³,80,false,expert,Sims2020,,,,
Jiulong-176_shoe-1-1,Jiulong-176_shoe-1,tsui³⁵,80,false,expert,Sims2020,,,,
Dayang-101_joint-1-1,Dayang-101_joint-1,tɐ-tsɛ̌j,81,false,expert,Sims2020,,,,#0418
Lanping-101_joint-1-1,Lanping-101_joint-1,tsi⁵⁵,81,false,expert,Sims2020,,,,#0418
Jiulong-101_joint-1-1,Jiulong-101_joint-1,tsɛi³⁵,81,false,expert,Sims2020,,,,#0418
Niuwozi-63_feed-1-1,Niuwozi-63_feed-1,ʈʂʰeᴿ,82,false,expert,Sims2020,,,,#3586
Lanping-63_feed-1-1,Lanping-63_feed-1,tʰə¹³_stʃʰɛ¹³,82,false,expert,Sims2020,,,,#3586
Niuwozi-18_bridge-1-1,Niuwozi-18_bridge-1,dzõᴿ,83,false,expert,Sims2020,,,,#3604
Taoba-18_bridge-1-1,Taoba-18_bridge-1,dzã³⁵,83,false,expert,Sims2020,,,,#3604
Qinghua-18_bridge-1-1,Qinghua-18_bridge-1,dziɑ̃u¹³,83,false,expert,Sims2020,,,,#3604
Lanping-18_bridge-1-1,Lanping-18_bridge-1,dziɑ̃u¹³,83,false,expert,Sims2020,,,,#3604
Jiulong-18_bridge-1-1,Jiulong-18_bridge-1,dzã³⁵,83,false,expert,Sims2020,,,,#3604
Wadu-92_heavy-1-1,Wadu-92_heavy-1,lɛ̀j,84,false,expert,Sims2020,,,,
Wadu-167_seed-1-1,Wadu-167_seed-1,lɛ̌j,85,false,expert,Sims2020,,,,#3560
Taoba-167_seed-1-1,Taoba-167_seed-1,le³⁵,85,false,expert,Sims2020,,,,#3560
Qinghua-167_seed-1-1,Qinghua-167_seed-1,la⁵⁵,85,false,expert,Sims2020,,,,#3560
Lanping-167_seed-1-1,Lanping-167_seed-1,la⁵⁵,85,false,expert,Sims2020,,,,#3560
Jiulong-167_seed-1-1,Jiulong-167_seed-1,lɛi³⁵,85,false,expert,Sims2020,,,,#3560
Niuwozi-72_forehead-1-1,Niuwozi-72_forehead-1,l̥oᴿ,86,false,expert,Sims2020,,,,#0392
Dayang-72_forehead-1-1,Dayang-72_forehead-1,ɬǒ,86,false,expert,Sims2020,,,,#0392
Taoba-72_forehead-1-1,Taoba-72_forehead-1,ɬo³⁵,86,false,expert,Sims2020,,,,#0392
Qinghua-72_forehead-1-1,Qinghua-72_forehead-1,ɬo¹³,86,false,expert,Sims2020,,,,#0392
Lanping-72_forehead-1-1,Lanping-72_forehead-1,ɬo¹³,86,false,expert,Sims2020,,,,#0392
Niuwozi-174_shepherdv-1-1,Niuwozi-174_shepherdv-1,l̥iᴿ,87,false,expert,Sims2020,,,,
Taoba-79_grazevt-1-1,Taoba-79_grazevt-1,ɬi³⁵,87,false,expert,Sims2020,,,,
Wadu-134_obtain-1-1,Wadu-134_obtain-1,ɻǐ,88,false,expert,Sims2020,,,,
Niuwozi-134_obtain-1-1,Niuwozi-134_obtain-1,riᴿ,88,false,expert,Sims2020,,,,
Wadu-16_bowl-1-1,Wadu-16_bowl-1,qʰwɑ̌,89,false,expert,Sims2020,,,,#0231
Niuwozi-16_bowl-1-1,Niuwozi-16_bowl-1,kʰwɑᴿ,89,false,expert,Sims2020,,,,#0231
Taoba-16_bowl-1-1,Taoba-16_bowl-1,kʰua³⁵,89,false,expert,Sims2020,,,,#0231
Qinghua-16_bowl-1-1,Qinghua-16_bowl-1,kʰuɑ¹³,89,false,expert,Sims2020,,,,#0231
Lanping-16_bowl-1-1,Lanping-16_bowl-1,kʰuɑ¹³,89,false,expert,Sims2020,,,,#0231
Mianchi-154_pretendfeign-1-1,Mianchi-154_pretendfeign-1,pá_pù,90,false,expert,Sims2020,,,,
Yonghe-153_pretend-1-1,Yonghe-153_pretend-1,ɸɑʴ́,90,false,expert,Sims2020,,,,
Wadu-221_todo-1-1,Wadu-221_todo-1,pʉ́,90,false,expert,Sims2020,,,,
Niuwozi-221_todo-1-1,Niuwozi-221_todo-1,pɑᶠ,90,false,expert,Sims2020,,,,
Longxi-169_separatesever-1-1,Longxi-169_separatesever-1,qá_tsʰé,96,false,expert,Sims2020,,,,
Mianchi-169_separatesever-1-1,Mianchi-169_separatesever-1,kiè_ká,96,false,expert,Sims2020,,,,
Lanping-168_separatev-1-1,Lanping-168_separatev-1,xə¹³_kʰe⁵⁵,96,false,expert,Sims2020,,,,
Jiulong-168_separatev-1-1,Jiulong-168_separatev-1,kʰə¹¹_kʰe⁵⁵_nə¹¹_ʃi¹¹,96,false,expert,Sims2020,,,,
Longxi-37_cuckoo-1-1,Longxi-37_cuckoo-1,qí_pù,98,false,expert,Sims2020,,,,
Mianchi-37_cuckoo-1-1,Mianchi-37_cuckoo-1,koú_pù,98,false,expert,Sims2020,,,,
Wadu-37_cuckoo-1-1,Wadu-37_cuckoo-1,qí_pù,98,false,expert,Sims2020,,,,
Lanping-37_cuckoo-1-1,Lanping-37_cuckoo-1,qei⁵⁵_pu¹³,98,false,expert,Sims2020,,,,
Jiulong-37_cuckoo-1-1,Jiulong-37_cuckoo-1,kɯ¹¹_pu⁵⁵,98,false,expert,Sims2020,,,,
Yonghe-4_besour-1-1,Yonghe-4_besour-1,tswɛ́,101,false,expert,Sims2020,,,,
Wadu-4_besour-1-1,Wadu-4_besour-1,ʈʂú,101,false,expert,Sims2020,,,,
Niuwozi-4_besour-1-1,Niuwozi-4_besour-1,ʈʂuᴴ,101,false,expert,Sims2020,,,,
Dayang-4_besour-1-1,Dayang-4_besour-1,tʃú,101,false,expert,Sims2020,,,,
Yonghe-237_wait-1-1,Yonghe-237_wait-1,ʑì_lwí,106,false,expert,Sims2020,,,,#5577
Lanping-237_wait-1-1,Lanping-237_wait-1,xə¹³_liõ⁵⁵_ku⁵⁵,106,false,expert,Sims2020,,,,#5577
Mianchi-187_snake-1-1,Mianchi-187_snake-1,bʐě,116,false,expert,Sims2020,,,,
Wadu-187_snake-1-1,Wadu-187_snake-1,bʉ_ɻɛȷ́,116,false,expert,Sims2020,,,,
Taoba-187_snake-1-1,Taoba-187_snake-1,bɐ³⁵,116,false,expert,Sims2020,,,,
Qinghua-187_snake-1-1,Qinghua-187_snake-1,bɐ¹³_ʐɑ⁵⁵,116,false,expert,Sims2020,,,,
Lanping-187_snake-1-1,Lanping-187_snake-1,bɐ¹³_ʐɑ⁵⁵,116,false,expert,Sims2020,,,,
Jiulong-187_snake-1-1,Jiulong-187_snake-1,bu¹¹_ʐɛi⁵⁵,116,false,expert,Sims2020,,,,
Longxi-172_sheep-1-1,Longxi-172_sheep-1,ió,117,false,expert,Sims2020,,,,#6028
Mianchi-172_sheep-1-1,Mianchi-172_sheep-1,ioú,117,false,expert,Sims2020,,,,#6028
Wadu-172_sheep-1-1,Wadu-172_sheep-1,ʐṍ,117,false,expert,Sims2020,,,,#6028
Niuwozi-172_sheep-1-1,Niuwozi-172_sheep-1,ʐõᴴ,117,false,expert,Sims2020,,,,#6028
Dayang-172_sheep-1-1,Dayang-172_sheep-1,zʒoṹ,117,false,expert,Sims2020,,,,#6028
Taoba-172_sheep-1-1,Taoba-172_sheep-1,ʐã⁵⁵,117,false,expert,Sims2020,,,,#6028
Qinghua-172_sheep-1-1,Qinghua-172_sheep-1,ʒɑ̃u⁵⁵,117,false,expert,Sims2020,,,,#6028
Lanping-172_sheep-1-1,Lanping-172_sheep-1,ʒɑ̃u⁵⁵,117,false,expert,Sims2020,,,,#6028
Jiulong-172_sheep-1-1,Jiulong-172_sheep-1,ʒõ³⁵,117,false,expert,Sims2020,,,,#6028
Longxi-157_pus-1-1,Longxi-157_pus-1,pù,120,false,expert,Sims2020,,,,#1293
Mianchi-157_pus-1-1,Mianchi-157_pus-1,pù,120,false,expert,Sims2020,,,,#1293
Dayang-157_pus-1-1,Dayang-157_pus-1,ɸpɨ̌,120,false,expert,Sims2020,,,,#1293
Qinghua-157_pus-1-1,Qinghua-157_pus-1,spy¹³,120,false,expert,Sims2020,,,,#1293
Lanping-157_pus-1-1,Lanping-157_pus-1,fpy¹³,120,false,expert,Sims2020,,,,#1293
Jiulong-157_pus-1-1,Jiulong-157_pus-1,pu⁵⁵,120,false,expert,Sims2020,,,,#1293
Longxi-199_splashsprinkle-1-1,Longxi-199_splashsprinkle-1,pʰà,122,false,expert,Sims2020,,,,
Mianchi-199_splashsprinkle-1-1,Mianchi-199_splashsprinkle-1,_pʰɛ̀,122,false,expert,Sims2020,,,,
Lanping-199_splashsprinkle-1-1,Lanping-199_splashsprinkle-1,pʂɛ¹³,122,false,expert,Sims2020,,,,
Jiulong-199_splashsprinkle-1-1,Jiulong-199_splashsprinkle-1,pʐɛ̃⁵⁵,122,false,expert,Sims2020,,,,
Longxi-87_hammern-1-1,Longxi-87_hammern-1,tuà_liò,128,false,expert,Sims2020,,,,#0676
Mianchi-87_hammern-1-1,Mianchi-87_hammern-1,tuà_liò,128,false,expert,Sims2020,,,,#0676
Wadu-223_tohammer-1-1,Wadu-223_tohammer-1,tɑ̌,128,false,expert,Sims2020,,,,#0676
Taoba-223_tohammer-1-1,Taoba-223_tohammer-1,xə³⁵_ta³⁵,128,false,expert,Sims2020,,,,#0676
Qinghua-223_tohammer-1-1,Qinghua-223_tohammer-1,xə¹³_stɑ¹³,128,false,expert,Sims2020,,,,#0676
Longxi-48_drillauger-1-1,Longxi-48_drillauger-1,ȵò,129,false,expert,Sims2020,,,,
Jiulong-47_drillv-1-1,Jiulong-47_drillv-1,ȵ̩ĩ¹¹_by³⁵,129,false,expert,Sims2020,,,,
Longxi-228_triphammerforhullingrice-1-1,Longxi-228_triphammerforhullingrice-1,tʰiò,130,false,expert,Sims2020,,,,
Dayang-228_triphammerforhullingrice-1-1,Dayang-228_triphammerforhullingrice-1,ʃtʃǐ,130,false,expert,Sims2020,,,,
Lanping-228_triphammerforhullingrice-1-1,Lanping-228_triphammerforhullingrice-1,ʃtʃi¹³,130,false,expert,Sims2020,,,,
Longxi-186_small-1-1,Longxi-186_small-1,tsù,151,false,expert,Sims2020,,,,
Mianchi-186_small-1-1,Mianchi-186_small-1,tsù,151,false,expert,Sims2020,,,,
Yonghe-186_small-1-1,Yonghe-186_small-1,tsə̌,151,false,expert,Sims2020,,,,
Wadu-186_small-1-1,Wadu-186_small-1,qʰɐ_tsɛ̌j,151,false,expert,Sims2020,,,,
Niuwozi-186_small-1-1,Niuwozi-186_small-1,kɜᴸ_tsɜjᴿ,151,false,expert,Sims2020,,,,
Taoba-186_small-1-1,Taoba-186_small-1,ka³⁵_tse³⁵_mə⁵³,151,false,expert,Sims2020,,,,
Qinghua-186_small-1-1,Qinghua-186_small-1,qa¹³_tsɛ³⁵,151,false,expert,Sims2020,,,,
Lanping-186_small-1-1,Lanping-186_small-1,qa¹³_tsɛ¹³,151,false,expert,Sims2020,,,,
Longxi-58_fatofhumans-1-1,Longxi-58_fatofhumans-1,tsʰɨ̀,153,false,expert,Sims2020,,,,#0042
Wadu-57_fat-1-1,Wadu-57_fat-1,tsʰə̀,153,false,expert,Sims2020,,,,#0042
Taoba-57_fat-1-1,Taoba-57_fat-1,tsʰə³⁵,153,false,expert,Sims2020,,,,#0042
Qinghua-57_fat-1-1,Qinghua-57_fat-1,tsʰɤ¹³,153,false,expert,Sims2020,,,,#0042
Lanping-57_fat-1-1,Lanping-57_fat-1,tsʰɤ¹³,153,false,expert,Sims2020,,,,#0042
Jiulong-57_fat-1-1,Jiulong-57_fat-1,tsʰɿ³⁵,153,false,expert,Sims2020,,,,#0042
Longxi-93_hemp-1-1,Longxi-93_hemp-1,"sò,",156,false,expert,Sims2020,,,,
Yonghe-93_hemp-1-1,Yonghe-93_hemp-1,sǔ,156,false,expert,Sims2020,,,,
Wadu-93_hemp-1-1,Wadu-93_hemp-1,sǔ,156,false,expert,Sims2020,,,,
Dayang-93_hemp-1-1,Dayang-93_hemp-1,sɑ̌w,156,false,expert,Sims2020,,,,
Lanping-93_hemp-1-1,Lanping-93_hemp-1,sɑu¹³,156,false,expert,Sims2020,,,,
Jiulong-93_hemp-1-1,Jiulong-93_hemp-1,so³⁵,156,false,expert,Sims2020,,,,
Mianchi-189_snivel-1-1,Mianchi-189_snivel-1,nə̀,159,false,expert,Sims2020,,,,
Niuwozi-189_snivel-1-1,Niuwozi-189_snivel-1,n̥̥ɑ̃ᴿ,159,false,expert,Sims2020,,,,
Dayang-190_snot-1-1,Dayang-190_snot-1,n̥æ̃̌,159,false,expert,Sims2020,,,,
Longxi-251_write-1-1,Longxi-251_write-1,"ɹà,",171,false,expert,Sims2020,,,,#0096
Mianchi-251_write-1-1,Mianchi-251_write-1,ɕà,171,false,expert,Sims2020,,,,#0096
Wadu-251_write-1-1,Wadu-251_write-1,ɖʉ̌,171,false,expert,Sims2020,,,,#0096
Niuwozi-251_write-1-1,Niuwozi-251_write-1,dʐʉᴿ,171,false,expert,Sims2020,,,,#0096
Longxi-28_circle-1-1,Longxi-28_circle-1,zɨ̀_ʑé,172,false,expert,Sims2020,,,,
Taoba-28_circle-1-1,Taoba-28_circle-1,rua⁵⁵_mə⁵³,172,false,expert,Sims2020,,,,
Qinghua-28_circle-1-1,Qinghua-28_circle-1,ʐuɐ¹³_ʐuɐ¹³,172,false,expert,Sims2020,,,,
Lanping-28_circle-1-1,Lanping-28_circle-1,ʐuɐ¹³_ʐuɐ¹³,172,false,expert,Sims2020,,,,
Jiulong-28_circle-1-1,Jiulong-28_circle-1,ʐu¹¹_ʐuə⁵⁵,172,false,expert,Sims2020,,,,
Longxi-204_sticky-1-1,Longxi-204_sticky-1,zà,174,false,expert,Sims2020,,,,
Mianchi-204_sticky-1-1,Mianchi-204_sticky-1,pià_dzà,174,false,expert,Sims2020,,,,
Taoba-218_thicksticky-1-1,Taoba-218_thicksticky-1,dzu³⁵_mə⁵³,174,false,expert,Sims2020,,,,
Qinghua-218_thicksticky-1-1,Qinghua-218_thicksticky-1,dzy¹³,174,false,expert,Sims2020,,,,
Lanping-205_stickyglutinous-1-1,Lanping-205_stickyglutinous-1,dʑa¹³_ti⁵⁵,174,false,expert,Sims2020,,,,
Jiulong-218_thicksticky-1-1,Jiulong-218_thicksticky-1,dzu³⁵,174,false,expert,Sims2020,,,,
Yonghe-121_melt-1-1,Yonghe-121_melt-1,dʐə̌,175,false,expert,Sims2020,,,,#5438
Wadu-121_melt-1-1,Wadu-121_melt-1,ɖʐæ̌,175,false,expert,Sims2020,,,,#5438
Longxi-145_penis-1-1,Longxi-145_penis-1,lià_qə̀,176,false,expert,Sims2020,,,,#1248
Mianchi-145_penis-1-1,Mianchi-145_penis-1,lià_qɛ̀,176,false,expert,Sims2020,,,,#1248
Yonghe-145_penis-1-1,Yonghe-145_penis-1,lǐ,176,false,expert,Sims2020,,,,#1248
Dayang-216_testicle-1-1,Dayang-216_testicle-1,lɒ̀_dɒ̌,176,false,expert,Sims2020,,,,#1248
Longxi-162_returntoaplace-1-1,Longxi-162_returntoaplace-1,lò,178,false,expert,Sims2020,,,,
Lanping-161_return-1-1,Lanping-161_return-1,xə¹³_lo¹³,178,false,expert,Sims2020,,,,
Longxi-35_corpse-1-1,Longxi-35_corpse-1,mó,187,false,expert,Sims2020,,,,#0017
Mianchi-35_corpse-1-1,Mianchi-35_corpse-1,mó,187,false,expert,Sims2020,,,,#0017
Yonghe-35_corpse-1-1,Yonghe-35_corpse-1,mì_múʴ,187,false,expert,Sims2020,,,,#0017
Wadu-35_corpse-1-1,Wadu-35_corpse-1,mǔ,187,false,expert,Sims2020,,,,#0017
Niuwozi-35_corpse-1-1,Niuwozi-35_corpse-1,muᴿ,187,false,expert,Sims2020,,,,#0017
Lanping-35_corpse-1-1,Lanping-35_corpse-1,ȵi⁵⁵_mu⁵⁵,187,false,expert,Sims2020,,,,#0017
Jiulong-35_corpse-1-1,Jiulong-35_corpse-1,mi³⁵_mũ⁵⁵,187,false,expert,Sims2020,,,,#0017
Longxi-185_sleep-1-1,Longxi-185_sleep-1,_mà_zè,196,false,expert,Sims2020,,,,#0127
Mianchi-131_nodoff-1-1,Mianchi-131_nodoff-1,mɛ̀_ʑɛ̀-qɛ̀_tuá,196,false,expert,Sims2020,,,,#0127
Wadu-185_sleep-1-1,Wadu-185_sleep-1,ʑə̌,196,false,expert,Sims2020,,,,#0127
Taoba-185_sleep-1-1,Taoba-185_sleep-1,kʰə³⁵_ʑi³⁵,196,false,expert,Sims2020,,,,#0127
Qinghua-185_sleep-1-1,Qinghua-185_sleep-1,nə¹³_ʒə¹³,196,false,expert,Sims2020,,,,#0127
Lanping-185_sleep-1-1,Lanping-185_sleep-1,nə¹³_ʒə¹³,196,false,expert,Sims2020,,,,#0127
Jiulong-185_sleep-1-1,Jiulong-185_sleep-1,kʰɯ¹¹_ʑɯ⁵⁵,196,false,expert,Sims2020,,,,#0127
Longxi-94_hideself-1-1,Longxi-94_hideself-1,pià,202,false,expert,Sims2020,,,,#2550
Niuwozi-2_axe-1-1,Niuwozi-2_axe-1,pɨᶠ,203,false,expert,Sims2020,,,,#2772
Dayang-2_axe-1-1,Dayang-2_axe-1,ɸpɨ́,203,false,expert,Sims2020,,,,#2772
Lanping-2_axe-1-1,Lanping-2_axe-1,fpy⁵⁵,203,false,expert,Sims2020,,,,#2772
Jiulong-2_axe-1-1,Jiulong-2_axe-1,pi⁵⁵,203,false,expert,Sims2020,,,,#2772
Longxi-117_lowerseatnothonored-1-1,Longxi-117_lowerseatnothonored-1,ɹà_lì,204,false,expert,Sims2020,,,,
Mianchi-117_lowerseatnothonored-1-1,Mianchi-117_lowerseatnothonored-1,ʐí_lè,204,false,expert,Sims2020,,,,
