ID,Local_ID,Language_ID,Parameter_ID,Value,Form,Segments,Comment,Source,Cognacy,Loan
Taoping-255_year-1,,Taoping,255_year,pə³³,pə³³,,,Sims2020,,
Longxi-255_year-1,,Longxi,255_year,pù,pù,,,Sims2020,,
Mianchi-255_year-1,,Mianchi,255_year,pù,pù,,,Sims2020,,
Yonghe-137_oneyear-1,,Yonghe,137_oneyear,ə́-pù,ə́-pù,,,Sims2020,,
Wadu-255_year-1,,Wadu,255_year,pʉ̀,pʉ̀,,,Sims2020,,
Dayang-255_year-1,,Dayang,255_year,pɨ̀,pɨ̀,,,Sims2020,,
Taoba-255_year-1,,Taoba,255_year,pu⁵³,pu⁵³,,,Sims2020,,
Qinghua-255_year-1,,Qinghua,255_year,pə¹³,pə¹³,,,Sims2020,,
Lanping-255_year-1,,Lanping,255_year,pə¹³,pə¹³,,,Sims2020,,
Jiulong-255_year-1,,Jiulong,255_year,pi⁵³,pi⁵³,,,Sims2020,,
Taoping-249_who-1,,Taoping,249_who,sɨ⁵⁵,sɨ⁵⁵,,,Sims2020,,
Longxi-249_who-1,,Longxi,249_who,sɨ́,sɨ́,,,Sims2020,,
Mianchi-249_who-1,,Mianchi,249_who,ʂí lè,ʂí lè,,,Sims2020,,
Yonghe-249_who-1,,Yonghe,249_who,sɨ́,sɨ́,,,Sims2020,,
Wadu-249_who-1,,Wadu,249_who,hĩ̂,hĩ̂,,,Sims2020,,
Niuwozi-249_who-1,,Niuwozi,249_who,xɜᴴ,xɜᴴ,,,Sims2020,,
Taoba-249_who-1,,Taoba,249_who,xɛ⁵⁵,xɛ⁵⁵,,,Sims2020,,
Qinghua-249_who-1,,Qinghua,249_who,xɛ⁵⁵,xɛ⁵⁵,,,Sims2020,,
Lanping-249_who-1,,Lanping,249_who,xɛ⁵⁵,xɛ⁵⁵,,,Sims2020,,
Taoping-248_white-1,,Taoping,248_white,pʐi⁵⁵,pʐi⁵⁵,,,Sims2020,,
Longxi-248_white-1,,Longxi,248_white,pʰé,pʰé,,,Sims2020,,
Mianchi-248_white-1,,Mianchi,248_white,pʂí,pʂí,,,Sims2020,,
Yonghe-248_white-1,,Yonghe,248_white,pʰjí ~ pʰí,pʰjí,,,Sims2020,,
Wadu-248_white-1,,Wadu,248_white,ʈʰṍ,ʈʰṍ,,,Sims2020,,
Niuwozi-248_white-1,,Niuwozi,248_white,pʰʴĩᴴ,pʰʴĩᴴ,,,Sims2020,,
Dayang-248_white-1,,Dayang,248_white,pʰʂẽ́,pʰʂẽ́,,,Sims2020,,
Taoba-248_white-1,,Taoba,248_white,pʰʐã⁵⁵ mə⁵³,pʰʐã⁵⁵ mə⁵³,,,Sims2020,,
Qinghua-248_white-1,,Qinghua,248_white,pʰʐə̃⁵⁵,pʰʐə̃⁵⁵,,,Sims2020,,
Lanping-248_white-1,,Lanping,248_white,pʰʂə̃⁵⁵,pʰʂə̃⁵⁵,,,Sims2020,,
Jiulong-248_white-1,,Jiulong,248_white,pʰʐĩ⁵⁵ lø⁵⁵ lø¹¹,pʰʐĩ⁵⁵ lø⁵⁵ lø¹¹,,,Sims2020,,
Taoping-244_weigh-1,,Taoping,244_weigh,tɕʰe⁵⁵,tɕʰe⁵⁵,,,Sims2020,,
Longxi-247_weightgrain-1,,Longxi,247_weightgrain,tɕʰì tɕʰí,tɕʰì tɕʰí,,,Sims2020,,
Mianchi-246_weighgrain-1,,Mianchi,246_weighgrain,tɕʰé,tɕʰé,,,Sims2020,,
Taoba-244_weigh-1,,Taoba,244_weigh,tə⁵⁵ tɕɛ⁵³,tə⁵⁵ tɕɛ⁵³,,,Sims2020,,
Lanping-245_weighfood-1,,Lanping,245_weighfood,tə⁵⁵ tɕi⁵⁵,tə⁵⁵ tɕi⁵⁵,,,Sims2020,,
Jiulong-245_weighfood-1,,Jiulong,245_weighfood,tɯ⁵⁵ ke⁵⁵,tɯ⁵⁵ ke⁵⁵,,,Sims2020,,
Taoping-243_weep-1,,Taoping,243_weep,ŋə⁵⁵,ŋə⁵⁵,,,Sims2020,,
Wadu-243_weep-1,,Wadu,243_weep,qwé,qwé,,,Sims2020,,
Niuwozi-243_weep-1,,Niuwozi,243_weep,kwɜjᴴ,kwɜjᴴ,,,Sims2020,,
Taoba-243_weep-1,,Taoba,243_weep,xue⁵⁵,xue⁵⁵,,,Sims2020,,
Qinghua-243_weep-1,,Qinghua,243_weep,squa⁵⁵,squa⁵⁵,,,Sims2020,,
Lanping-243_weep-1,,Lanping,243_weep,χquɑ⁵⁵,χquɑ⁵⁵,,,Sims2020,,
Jiulong-243_weep-1,,Jiulong,243_weep,kuɛ⁵⁵,kuɛ⁵⁵,,,Sims2020,,
Taoping-242_weave-1,,Taoping,242_weave,tia³³,tia³³,,,Sims2020,,
Longxi-242_weave-1,,Longxi,242_weave,tɕà,tɕà,,,Sims2020,,
Mianchi-242_weave-1,,Mianchi,242_weave,tià,tià,,,Sims2020,,
Yonghe-242_weave-1,,Yonghe,242_weave,tæ̌,tæ̌,,,Sims2020,,
Wadu-242_weave-1,,Wadu,242_weave,tɕæ̌,tɕæ̌,,,Sims2020,,
Dayang-242_weave-1,,Dayang,242_weave,tʂɒ̌,tʂɒ̌,,,Sims2020,,
Taoba-242_weave-1,,Taoba,242_weave,nə³⁵ tɕɛ³⁵,nə³⁵ tɕɛ³⁵,,,Sims2020,,
Lanping-242_weave-1,,Lanping,242_weave,tʃɑ¹³,tʃɑ¹³,,,Sims2020,,
Taoping-234_urine-1,,Taoping,234_urine,bie²⁴¹,bie²⁴¹,,,Sims2020,,
Longxi-234_urine-1,,Longxi,234_urine,bí,bí,,,Sims2020,,
Mianchi-234_urine-1,,Mianchi,234_urine,biě,biě,,,Sims2020,,
Yonghe-233_urinate-1,,Yonghe,233_urinate,bɨ́,bɨ́,,,Sims2020,,
Wadu-234_urine-1,,Wadu,234_urine,bĩ̂,bĩ̂,,,Sims2020,,
Niuwozi-234_urine-1,,Niuwozi,234_urine,biẽᶠ,biẽᶠ,,,Sims2020,,
Dayang-234_urine-1,,Dayang,234_urine,βbĩ́,βbĩ́,,,Sims2020,,
Taoping-229_tree-1,,Taoping,229_tree,pʰo⁵⁵,pʰo⁵⁵,,,Sims2020,,
Longxi-229_tree-1,,Longxi,229_tree,ɕì pʰù,ɕì pʰù,,,Sims2020,,
Mianchi-229_tree-1,,Mianchi,229_tree,pʰò ~ pʰó,pʰò,,,Sims2020,,
Yonghe-229_tree-1,,Yonghe,229_tree,pʰú,pʰú,,,Sims2020,,
Wadu-229_tree-1,,Wadu,229_tree,bóŋ,bóŋ,,,Sims2020,,
Qinghua-229_tree-1,,Qinghua,229_tree,siɛ̃¹³ sbõ⁵⁵,siɛ̃¹³ sbõ⁵⁵,,,Sims2020,,
Lanping-229_tree-1,,Lanping,229_tree,siɛ̃¹³ vbõ⁵⁵,siɛ̃¹³ vbõ⁵⁵,,,Sims2020,,
Jiulong-229_tree-1,,Jiulong,229_tree,sẽ¹¹ bũ⁵⁵,sẽ¹¹ bũ⁵⁵,,,Sims2020,,
Taoping-228_tread-1,,Taoping,228_tread,tɕʰya³¹,tɕʰya³¹,,,Sims2020,,
Longxi-228_tread-1,,Longxi,228_tread,tɕʰuà ȵí,tɕʰuà ȵí,,,Sims2020,,
Mianchi-228_tread-1,,Mianchi,228_tread,tɕʰyà,tɕʰyà,,,Sims2020,,
Yonghe-228_tread-1,,Yonghe,228_tread,tsʰwæ̀ ȵwí,tsʰwæ̀ ȵwí,,,Sims2020,,
Taoba-228_tread-1,,Taoba,228_tread,nə³⁵ tɕʰo⁵⁵,nə³⁵ tɕʰo⁵⁵,,,Sims2020,,
Qinghua-228_tread-1,,Qinghua,228_tread,nə¹³ tʂʰɯ¹³,nə¹³ tʂʰɯ¹³,,,Sims2020,,
Lanping-228_tread-1,,Lanping,228_tread,nə¹³ tʂʰɯ¹³,nə¹³ tʂʰɯ¹³,,,Sims2020,,
Taoping-227_tooth-1,,Taoping,227_tooth,suə⁵⁵,suə⁵⁵,,,Sims2020,,
Longxi-227_tooth-1,,Longxi,227_tooth,sù,sù,,,Sims2020,,
Mianchi-83_gums-1,,Mianchi,83_gums,sú-nə̀,sú-nə̀,,,Sims2020,,
Yonghe-227_tooth-1,,Yonghe,227_tooth,ɕwí,ɕwí,,,Sims2020,,
Wadu-227_tooth-1,,Wadu,227_tooth,ɻ̥ʉ́,ɻ̥ʉ́,,,Sims2020,,
Niuwozi-227_tooth-1,,Niuwozi,227_tooth,ɹ̥ʉᶠ,ɹ̥ʉᶠ,,,Sims2020,,
Dayang-227_tooth-1,,Dayang,227_tooth,ʂóu,ʂóu,,,Sims2020,,
Taoba-227_tooth-1,,Taoba,227_tooth,ʂu⁵³,ʂu⁵³,,,Sims2020,,
Qinghua-227_tooth-1,,Qinghua,227_tooth,ʂy⁵⁵,ʂy⁵⁵,,,Sims2020,,
Lanping-227_tooth-1,,Lanping,227_tooth,ʂy⁵⁵,ʂy⁵⁵,,,Sims2020,,
Jiulong-227_tooth-1,,Jiulong,227_tooth,xui⁵⁵,xui⁵⁵,,,Sims2020,,
Taoping-226_tongue-1,,Taoping,226_tongue,zɿ³¹ qə⁵⁵,zɿ³¹ qə⁵⁵,,,Sims2020,,
Longxi-226_tongue-1,,Longxi,226_tongue,zə̀ qə̀,zə̀ qə̀,,,Sims2020,,
Mianchi-226_tongue-1,,Mianchi,226_tongue,zɨ̀ qé,zɨ̀ qé,,,Sims2020,,
Yonghe-226_tongue-1,,Yonghe,226_tongue,zɨ̌ qə̀,zɨ̌ qə̀,,,Sims2020,,
Niuwozi-226_tongue-1,,Niuwozi,226_tongue,l̥eᴴ,l̥eᴴ,,,Sims2020,,
Taoba-226_tongue-1,,Taoba,226_tongue,ɬiɛ⁵³,ɬiɛ⁵³,,,Sims2020,,
Qinghua-226_tongue-1,,Qinghua,226_tongue,ɬie⁵⁵ qʰo⁵⁵,ɬie⁵⁵ qʰo⁵⁵,,,Sims2020,,
Lanping-226_tongue-1,,Lanping,226_tongue,ɬie⁵⁵ qʰo⁵⁵,ɬie⁵⁵ qʰo⁵⁵,,,Sims2020,,
Jiulong-226_tongue-1,,Jiulong,226_tongue,ɬə⁵⁵,ɬə⁵⁵,,,Sims2020,,
Taoping-224_toexist-1,,Taoping,224_toexist,ʒɿ³³,ʒɿ³³,,,Sims2020,,
Longxi-224_toexist-1,,Longxi,224_toexist,jì,jì,,,Sims2020,,
Mianchi-224_toexist-1,,Mianchi,224_toexist,ʑì,ʑì,,,Sims2020,,
Wadu-224_toexist-1,,Wadu,224_toexist,ʑǐ,ʑǐ,,,Sims2020,,
Taoba-224_toexist-1,,Taoba,224_toexist,ʑɛ³⁵,ʑɛ³⁵,,,Sims2020,,
Qinghua-224_toexist-1,,Qinghua,224_toexist,ʒø¹³,ʒø¹³,,,Sims2020,,
Lanping-224_toexist-1,,Lanping,224_toexist,ʒø¹³,ʒø¹³,,,Sims2020,,
Jiulong-224_toexist-1,,Jiulong,224_toexist,ʑe³⁵,ʑe³⁵,,,Sims2020,,
Taoping-219_thick-1,,Taoping,219_thick,lie³³,lie³³,,,Sims2020,,
Longxi-219_thick-1,,Longxi,219_thick,lià,lià,,,Sims2020,,
Mianchi-219_thick-1,,Mianchi,219_thick,lià,lià,,,Sims2020,,
Yonghe-219_thick-1,,Yonghe,219_thick,læ̌,læ̌,,,Sims2020,,
Wadu-219_thick-1,,Wadu,219_thick,ɦɑ̌,ɦɑ̌,,,Sims2020,,
Niuwozi-219_thick-1,,Niuwozi,219_thick,ɣɑᴿ,ɣɑᴿ,,,Sims2020,,
Dayang-219_thick-1,,Dayang,219_thick,ɣɑ̌ ~ ɦɑ̌,ɣɑ̌,,,Sims2020,,
Taoba-219_thick-1,,Taoba,219_thick,ɣa¹³,ɣa¹³,,,Sims2020,,
Qinghua-219_thick-1,,Qinghua,219_thick,ɣa¹³,ɣa¹³,,,Sims2020,,
Jiulong-219_thick-1,,Jiulong,219_thick,lɑ³⁵,lɑ³⁵,,,Sims2020,,
Taoping-214_sweat-1,,Taoping,214_sweat,χtʂuə⁵⁵,χtʂuə⁵⁵,,,Sims2020,,
Mianchi-214_sweat-1,,Mianchi,214_sweat,tʂʰù,tʂʰù,,,Sims2020,,
Yonghe-214_sweat-1,,Yonghe,214_sweat,tɕʰwí,tɕʰwí,,,Sims2020,,
Dayang-214_sweat-1,,Dayang,214_sweat,ʃtʃʰí,ʃtʃʰí,,,Sims2020,,
Qinghua-214_sweat-1,,Qinghua,214_sweat,skʰi⁵⁵,skʰi⁵⁵,,,Sims2020,,
Lanping-214_sweat-1,,Lanping,214_sweat,skʰi⁵⁵,skʰi⁵⁵,,,Sims2020,,
Taoping-212_stretch-1,,Taoping,212_stretch,sɿ³¹ tʂʰi⁵⁵,sɿ³¹ tʂʰi⁵⁵,,,Sims2020,,
Longxi-212_stretch-1,,Longxi,212_stretch,tsʰí,tsʰí,,,Sims2020,,
Mianchi-212_stretch-1,,Mianchi,212_stretch,tʂʰɨ̀ ~ tʂʰɨ́,tʂʰɨ̀,,,Sims2020,,
Yonghe-212_stretch-1,,Yonghe,212_stretch,hə̀-tʂʰə́,hə̀-tʂʰə́,,,Sims2020,,
Qinghua-212_stretch-1,,Qinghua,212_stretch,kʰə¹³ stʃõ⁵⁵,kʰə¹³ stʃõ⁵⁵,,,Sims2020,,
Lanping-212_stretch-1,,Lanping,212_stretch,kʰə¹³ ʃtʃõ⁵⁵,kʰə¹³ ʃtʃõ⁵⁵,,,Sims2020,,
Jiulong-212_stretch-1,,Jiulong,212_stretch,kʰɯ¹¹ ʂã⁵⁵ la¹¹,kʰɯ¹¹ ʂã⁵⁵ la¹¹,,,Sims2020,,
Taoping-211_strength-1,,Taoping,211_strength,dʐɿ²⁴¹,dʐɿ²⁴¹,,,Sims2020,,
Longxi-211_strength-1,,Longxi,211_strength,qú,qú,,,Sims2020,,
Mianchi-211_strength-1,,Mianchi,211_strength,dʐà qà,dʐà qà,,,Sims2020,,
Yonghe-211_strength-1,,Yonghe,211_strength,qǔ ~ kǔ,qǔ,,,Sims2020,,
Wadu-211_strength-1,,Wadu,211_strength,qɐ̌,qɐ̌,,,Sims2020,,
Taoba-211_strength-1,,Taoba,211_strength,ka³⁵,ka³⁵,,,Sims2020,,
Qinghua-211_strength-1,,Qinghua,211_strength,qa¹³,qa¹³,,,Sims2020,,
Lanping-211_strength-1,,Lanping,211_strength,qa¹³,qa¹³,,,Sims2020,,
Taoping-209_straight-1,,Taoping,209_straight,χtə⁵⁵,χtə⁵⁵,,,Sims2020,,
Longxi-209_straight-1,,Longxi,209_straight,tí,tí,,,Sims2020,,
Mianchi-210_straighterect-1,,Mianchi,210_straighterect,tí,tí,,,Sims2020,,
Taoba-209_straight-1,,Taoba,209_straight,tu⁵⁵ mə⁵³,tu⁵⁵ mə⁵³,,,Sims2020,,
Qinghua-209_straight-1,,Qinghua,209_straight,stu⁵⁵,stu⁵⁵,,,Sims2020,,
Lanping-209_straight-1,,Lanping,209_straight,stu⁵⁵,stu⁵⁵,,,Sims2020,,
Jiulong-209_straight-1,,Jiulong,209_straight,tə¹¹ tu⁵⁵,tə¹¹ tu⁵⁵,,,Sims2020,,
Taoping-205_star-1,,Taoping,205_star,χdʐe³³ pe⁵⁵,χdʐe³³ pe⁵⁵,,,Sims2020,,
Longxi-205_star-1,,Longxi,205_star,zɨ̀ bà,zɨ̀ bà,,,Sims2020,,
Mianchi-205_star-1,,Mianchi,205_star,dʐɛ̀,dʐɛ̀,,,Sims2020,,
Yonghe-205_star-1,,Yonghe,205_star,dʐɨ́,dʐɨ́,,,Sims2020,,
Wadu-205_star-1,,Wadu,205_star,ɖə̌,ɖə̌,,,Sims2020,,
Niuwozi-205_star-1,,Niuwozi,205_star,gʴəᴿ,gʴəᴿ,,,Sims2020,,
Dayang-205_star-1,,Dayang,205_star,ɖɨ̌,ɖɨ̌,,,Sims2020,,
Taoba-205_star-1,,Taoba,205_star,dʐə³⁵,dʐə³⁵,,,Sims2020,,
Qinghua-205_star-1,,Qinghua,205_star,dʐə¹³,dʐə¹³,,,Sims2020,,
Lanping-205_star-1,,Lanping,205_star,dʐə¹³,dʐə¹³,,,Sims2020,,
Jiulong-205_star-1,,Jiulong,205_star,dʐɿ³⁵,dʐɿ³⁵,,,Sims2020,,
Taoping-200_spitv-1,,Taoping,200_spitv,pʰe³³,pʰe³³,,,Sims2020,,
Yonghe-200_spitv-1,,Yonghe,200_spitv,sə́-pʰɛ̀,sə́-pʰɛ̀,,,Sims2020,,
Wadu-200_spitv-1,,Wadu,200_spitv,pʰɐ̀,pʰɐ̀,,,Sims2020,,
Niuwozi-199_spew-1,,Niuwozi,199_spew,pʰeᴿ,pʰeᴿ,,,Sims2020,,
Taoba-200_spitv-1,,Taoba,200_spitv,pʰø³⁵,pʰø³⁵,,,Sims2020,,
Qinghua-200_spitv-1,,Qinghua,200_spitv,tə⁵⁵ spʰɛ¹³,tə⁵⁵ spʰɛ¹³,,,Sims2020,,
Lanping-200_spitv-1,,Lanping,200_spitv,tə⁵⁵ fpʰɛ¹³,tə⁵⁵ fpʰɛ¹³,,,Sims2020,,
Jiulong-200_spitv-1,,Jiulong,200_spitv,tɯ⁵⁵ pʰə⁵⁵,tɯ⁵⁵ pʰə⁵⁵,,,Sims2020,,
Taoping-195_soldier-1,,Taoping,195_soldier,dʐue²⁴¹,dʐue²⁴¹,,,Sims2020,,
Longxi-195_soldier-1,,Longxi,195_soldier,guà,guà,,,Sims2020,,
Mianchi-195_soldier-1,,Mianchi,195_soldier,dʑyè,dʑyè,,,Sims2020,,
Taoping-193_snow-1,,Taoping,193_snow,χpɑ³¹ tʰu³³,χpɑ³¹ tʰu³³,,,Sims2020,,
Longxi-193_snow-1,,Longxi,193_snow,mù pà,mù pà,,,Sims2020,,
Mianchi-193_snow-1,,Mianchi,193_snow,peì,peì,,,Sims2020,,
Yonghe-193_snow-1,,Yonghe,193_snow,pɔ̌,pɔ̌,,,Sims2020,,
Wadu-193_snow-1,,Wadu,193_snow,pʉ,pʉ,,,Sims2020,,
Niuwozi-193_snow-1,,Niuwozi,193_snow,pʉᶠ,pʉᶠ,,,Sims2020,,
Taoba-193_snow-1,,Taoba,193_snow,pu̵⁵³,pu̵⁵³,,,Sims2020,,
Qinghua-193_snow-1,,Qinghua,193_snow,spy⁵⁵,spy⁵⁵,,,Sims2020,,
Lanping-193_snow-1,,Lanping,193_snow,fpy⁵⁵,fpy⁵⁵,,,Sims2020,,
Jiulong-193_snow-1,,Jiulong,193_snow,py⁵⁵,py⁵⁵,,,Sims2020,,
Taoping-186_skin-1,,Taoping,186_skin,tʃʰɿ³¹ pa³³,tʃʰɿ³¹ pa³³,,,Sims2020,,
Longxi-186_skin-1,,Longxi,186_skin,ɹà pià,ɹà pià,,,Sims2020,,
Mianchi-186_skin-1,,Mianchi,186_skin,ʐà piá,ʐà piá,,,Sims2020,,
Yonghe-186_skin-1,,Yonghe,186_skin,ɦæ̀ pǽ,ɦæ̀ pǽ,,,Sims2020,,
Niuwozi-186_skin-1,,Niuwozi,186_skin,ɹəᶠ,ɹəᶠ,,,Sims2020,,
Dayang-186_skin-1,,Dayang,186_skin,rə̀ ʃtʃɨ̌,rə̀ ʃtʃɨ̌,,,Sims2020,,
Taoba-186_skin-1,,Taoba,186_skin,rə⁵³,rə⁵³,,,Sims2020,,
Qinghua-186_skin-1,,Qinghua,186_skin,ʐɤ¹³,ʐɤ¹³,,,Sims2020,,
Jiulong-186_skin-1,,Jiulong,186_skin,ʐɿ³⁵,ʐɿ³⁵,,,Sims2020,,
Taoping-185_sitonhatchegg-1,,Taoping,185_sitonhatchegg,χne⁵⁵,χne⁵⁵,,,Sims2020,,
Mianchi-90_hatchbrood-1,,Mianchi,90_hatchbrood,né,né,,,Sims2020,,
Taoba-185_sitonhatchegg-1,,Taoba,185_sitonhatchegg,tə⁵⁵ ȵi⁵³,tə⁵⁵ ȵi⁵³,,,Sims2020,,
Qinghua-105_layegg-1,,Qinghua,105_layegg,tə⁵⁵ ȵi⁵⁵,tə⁵⁵ ȵi⁵⁵,,,Sims2020,,
Taoping-184_sitdown-1,,Taoping,184_sitdown,dzo³³,dzo³³,,,Sims2020,,
Longxi-184_sitdown-1,,Longxi,184_sitdown,ɦà zú,ɦà zú,,,Sims2020,,
Mianchi-184_sitdown-1,,Mianchi,184_sitdown,dzó,dzó,,,Sims2020,,
Wadu-184_sitdown-1,,Wadu,184_sitdown,nə̀ dzṍ,nə̀ dzṍ,,,Sims2020,,
Niuwozi-184_sitdown-1,,Niuwozi,184_sitdown,dzõᴴ,dzõᴴ,,,Sims2020,,
Taoba-184_sitdown-1,,Taoba,184_sitdown,nə³⁵ dziã⁵⁵,nə³⁵ dziã⁵⁵,,,Sims2020,,
Qinghua-184_sitdown-1,,Qinghua,184_sitdown,nə¹³ dziɛ̃⁵⁵,nə¹³ dziɛ̃⁵⁵,,,Sims2020,,
Lanping-184_sitdown-1,,Lanping,184_sitdown,nə¹³ dziɛ̃⁵⁵,nə¹³ dziɛ̃⁵⁵,,,Sims2020,,
Jiulong-184_sitdown-1,,Jiulong,184_sitdown,nə⁵⁵ dzə̃⁵⁵,nə⁵⁵ dzə̃⁵⁵,,,Sims2020,,
Taoping-183_sinew-1,,Taoping,183_sinew,dʐʅ²⁴¹,dʐʅ²⁴¹,,,Sims2020,,
Longxi-183_sinew-1,,Longxi,183_sinew,dzɨ̀,dzɨ̀,,,Sims2020,,
Mianchi-183_sinew-1,,Mianchi,183_sinew,dʑɛ̀,dʑɛ̀,,,Sims2020,,
Yonghe-183_sinew-1,,Yonghe,183_sinew,dʐí,dʐí,,,Sims2020,,
Taoba-183_sinew-1,,Taoba,183_sinew,dʐu⁵³,dʐu⁵³,,,Sims2020,,
Taoping-182_silver-1,,Taoping,182_silver,χŋu⁵⁵,χŋu⁵⁵,,,Sims2020,,
Longxi-182_silver-1,,Longxi,182_silver,ŋú,ŋú,,,Sims2020,,
Mianchi-182_silver-1,,Mianchi,182_silver,ŋó,ŋó,,,Sims2020,,
Yonghe-182_silver-1,,Yonghe,182_silver,wú,wú,,,Sims2020,,
Wadu-182_silver-1,,Wadu,182_silver,ŋṍ,ŋṍ,,,Sims2020,,
Niuwozi-182_silver-1,,Niuwozi,182_silver,jõᴴ,jõᴴ,,,Sims2020,,
Dayang-182_silver-1,,Dayang,182_silver,ŋoṹ,ŋoṹ,,,Sims2020,,
Taoba-182_silver-1,,Taoba,182_silver,ȵõ⁵⁵,ȵõ⁵⁵,,,Sims2020,,
Qinghua-182_silver-1,,Qinghua,182_silver,ŋɑ̃u⁵⁵,ŋɑ̃u⁵⁵,,,Sims2020,,
Lanping-182_silver-1,,Lanping,182_silver,ŋɑ̃u⁵⁵,ŋɑ̃u⁵⁵,,,Sims2020,,
Jiulong-182_silver-1,,Jiulong,182_silver,ŋɯ̃³⁵,ŋɯ̃³⁵,,,Sims2020,,
Taoping-180_shoulder-1,,Taoping,180_shoulder,lɑ³¹ χɑ⁵⁵ pi³³,lɑ³¹ χɑ⁵⁵ pi³³,,,Sims2020,,
Taoping-179_shootv-1,,Taoping,179_shootv,qʰa³³,qʰa³³,,,Sims2020,,
Longxi-179_shootv-1,,Longxi,179_shootv,qʰò,qʰò,,,Sims2020,,
Mianchi-179_shootv-1,,Mianchi,179_shootv,tʂʰà,tʂʰà,,,Sims2020,,
Wadu-179_shootv-1,,Wadu,179_shootv,ʈʰæ̌,ʈʰæ̌,,,Sims2020,,
Niuwozi-179_shootv-1,,Niuwozi,179_shootv,kʰʴɑ̌,kʰʴɑ̌,,,Sims2020,,
Taoba-179_shootv-1,,Taoba,179_shootv,kʰə³⁵ tʂʰa³⁵,kʰə³⁵ tʂʰa³⁵,,,Sims2020,,
Qinghua-179_shootv-1,,Qinghua,179_shootv,kʰə¹³ tʂʰɑ⁵⁵,kʰə¹³ tʂʰɑ⁵⁵,,,Sims2020,,
Lanping-179_shootv-1,,Lanping,179_shootv,kʰə¹³ tʂʰɑ⁵⁵,kʰə¹³ tʂʰɑ⁵⁵,,,Sims2020,,
Taoping-177_shit-1,,Taoping,177_shit,tʃʰɿ⁵⁵,tʃʰɿ⁵⁵,,,Sims2020,,
Longxi-177_shit-1,,Longxi,177_shit,tsʰə̀,tsʰə̀,,,Sims2020,,
Mianchi-177_shit-1,,Mianchi,177_shit,tɕʰɛ́,tɕʰɛ́,,,Sims2020,,
Yonghe-177_shit-1,,Yonghe,177_shit,ʂɨ́,ʂɨ́,,,Sims2020,,
Niuwozi-177_shit-1,,Niuwozi,177_shit,kɜjᶠ,kɜjᶠ,,,Sims2020,,
Dayang-177_shit-1,,Dayang,177_shit,χqá,χqá,,,Sims2020,,
Taoba-177_shit-1,,Taoba,177_shit,xe⁵³,xe⁵³,,,Sims2020,,
Qinghua-177_shit-1,,Qinghua,177_shit,sqa⁵⁵,sqa⁵⁵,,,Sims2020,,
Lanping-177_shit-1,,Lanping,177_shit,xqa⁵⁵,xqa⁵⁵,,,Sims2020,,
Jiulong-177_shit-1,,Jiulong,177_shit,qɛi⁵⁵,qɛi⁵⁵,,,Sims2020,,
Taoping-173_sharpengrind-1,,Taoping,173_sharpengrind,suə⁵⁵,suə⁵⁵,,,Sims2020,,
Longxi-173_sharpengrind-1,,Longxi,173_sharpengrind,sù,sù,,,Sims2020,,
Mianchi-173_sharpengrind-1,,Mianchi,173_sharpengrind,sù,sù,,,Sims2020,,
Niuwozi-173_sharpengrind-1,,Niuwozi,173_sharpengrind,suᴿ,suᴿ,,,Sims2020,,
Taoba-173_sharpengrind-1,,Taoba,173_sharpengrind,kʰə³⁵ sui³⁵,kʰə³⁵ sui³⁵,,,Sims2020,,
Qinghua-173_sharpengrind-1,,Qinghua,173_sharpengrind,kʰə¹³ syi¹³,kʰə¹³ syi¹³,,,Sims2020,,
Taoping-172_sew-1,,Taoping,172_sew,ʐi³¹ ʐi³¹,ʐi³¹ ʐi³¹,,,Sims2020,,
Longxi-172_sew-1,,Longxi,172_sew,ɹà í,ɹà í,,,Sims2020,,
Mianchi-172_sew-1,,Mianchi,172_sew,ʐì,ʐì,,,Sims2020,,
Yonghe-172_sew-1,,Yonghe,172_sew,zɨ̀ jí,zɨ̀ jí,,,Sims2020,,
Wadu-172_sew-1,,Wadu,172_sew,dʐǐ,dʐǐ,,,Sims2020,,
Niuwozi-172_sew-1,,Niuwozi,172_sew,dʐiᴿ,dʐiᴿ,,,Sims2020,,
Lanping-172_sew-1,,Lanping,172_sew,dʐi¹³,dʐi¹³,,,Sims2020,,
Taoping-169_seed-1,,Taoping,169_seed,zuə³¹ zɑ²⁴¹,zuə³¹ zɑ²⁴¹,,,Sims2020,,
Longxi-169_seed-1,,Longxi,169_seed,dzueì,dzueì,,,Sims2020,,
Mianchi-151_pitstonebullet-1,,Mianchi,151_pitstonebullet,zuì,zuì,,,Sims2020,,
Taoping-168_rope-1,,Taoping,168_rope,bʐe³³,bʐe³³,,,Sims2020,,
Mianchi-168_rope-1,,Mianchi,168_rope,bʐè,bʐè,,,Sims2020,,
Wadu-168_rope-1,,Wadu,168_rope,dʐwẽ̌,dʐwẽ̌,,,Sims2020,,
Niuwozi-168_rope-1,,Niuwozi,168_rope,bʴjẽᴿ,bʴjẽᴿ,,,Sims2020,,
Dayang-168_rope-1,,Dayang,168_rope,bʐẽ̌,bʐẽ̌,,,Sims2020,,
Taoba-168_rope-1,,Taoba,168_rope,bʐẽ³⁵,bʐẽ³⁵,,,Sims2020,,
Qinghua-168_rope-1,,Qinghua,168_rope,bʐə̃¹³,bʐə̃¹³,,,Sims2020,,
Lanping-168_rope-1,,Lanping,168_rope,bʐə̃¹³,bʐə̃¹³,,,Sims2020,,
Taoping-161_red-1,,Taoping,161_red,χȵi³¹ ȵi³³,χȵi³¹ ȵi³³,,,Sims2020,,
Longxi-161_red-1,,Longxi,161_red,ɕí,ɕí,,,Sims2020,,
Mianchi-161_red-1,,Mianchi,161_red,nə́,nə́,,,Sims2020,,
Yonghe-161_red-1,,Yonghe,161_red,xí,xí,,,Sims2020,,
Niuwozi-161_red-1,,Niuwozi,161_red,neᴴ,neᴴ,,,Sims2020,,
Dayang-161_red-1,,Dayang,161_red,ȵé,ȵé,,,Sims2020,,
Taoba-161_red-1,,Taoba,161_red,ȵɛ⁵⁵ mə⁵³,ȵɛ⁵⁵ mə⁵³,,,Sims2020,,
Qinghua-161_red-1,,Qinghua,161_red,ȵø⁵⁵,ȵø⁵⁵,,,Sims2020,,
Lanping-161_red-1,,Lanping,161_red,ȵø⁵⁵,ȵø⁵⁵,,,Sims2020,,
Jiulong-35_copperredpurecopper-1,,Jiulong,35_copperredpurecopper,ȵẽ⁵⁵,ȵẽ⁵⁵,,,Sims2020,,
Taoping-160_raw-1,,Taoping,160_raw,ʂe⁵⁵,ʂe⁵⁵,,,Sims2020,,
Taoba-160_raw-1,,Taoba,160_raw,sə⁵⁵ sə⁵⁵ mə⁵³,sə⁵⁵ sə⁵⁵ mə⁵³,,,Sims2020,,
Qinghua-160_raw-1,,Qinghua,160_raw,sə⁵⁵ sə⁵⁵,sə⁵⁵ sə⁵⁵,,,Sims2020,,
Lanping-160_raw-1,,Lanping,160_raw,sə⁵⁵ sə⁵⁵,sə⁵⁵ sə⁵⁵,,,Sims2020,,
Taoping-157_price-1,,Taoping,157_price,pʰə³³,pʰə³³,,,Sims2020,,
Longxi-157_price-1,,Longxi,157_price,pʰù,pʰù,,,Sims2020,,
Mianchi-157_price-1,,Mianchi,157_price,pʰɛ̀,pʰɛ̀,,,Sims2020,,
Wadu-157_price-1,,Wadu,157_price,pʰʉ̌,pʰʉ̌,,,Sims2020,,
Niuwozi-157_price-1,,Niuwozi,157_price,pʰʴʉᴿ,pʰʴʉᴿ,,,Sims2020,,
Dayang-157_price-1,,Dayang,157_price,pʰǔ,pʰǔ,,,Sims2020,,
Taoba-157_price-1,,Taoba,157_price,pʰu³⁵,pʰu³⁵,,,Sims2020,,
Qinghua-157_price-1,,Qinghua,157_price,pʰu¹³,pʰu¹³,,,Sims2020,,
Jiulong-157_price-1,,Jiulong,157_price,pʰy⁵⁵ qo⁵⁵,pʰy⁵⁵ qo⁵⁵,,,Sims2020,,
Taoping-152_platedish-1,,Taoping,152_platedish,be³³,be³³,,,Sims2020,,
Taoping-150_pig-1,,Taoping,150_pig,pa³³,pa³³,,,Sims2020,,
Longxi-150_pig-1,,Longxi,150_pig,pià,pià,,,Sims2020,,
Mianchi-150_pig-1,,Mianchi,150_pig,pià,pià,,,Sims2020,,
Yonghe-150_pig-1,,Yonghe,150_pig,pæ̌,pæ̌,,,Sims2020,,
Wadu-150_pig-1,,Wadu,150_pig,tɕʰwæ̌,tɕʰwæ̌,,,Sims2020,,
Niuwozi-150_pig-1,,Niuwozi,150_pig,tʃʰɥǎᴿ,tʃʰɥǎᴿ,,,Sims2020,,
Dayang-150_pig-1,,Dayang,150_pig,tʃʰɥǎ,tʃʰɥǎ,,,Sims2020,,
Taoba-150_pig-1,,Taoba,150_pig,tɕyɛ³⁵,tɕyɛ³⁵,,,Sims2020,,
Qinghua-150_pig-1,,Qinghua,150_pig,pʰʒɑ¹³,pʰʒɑ¹³,,,Sims2020,,
Lanping-150_pig-1,,Lanping,150_pig,pʰʃɑ¹³,pʰʃɑ¹³,,,Sims2020,,
Jiulong-150_pig-1,,Jiulong,150_pig,tɕyə³⁵,tɕyə³⁵,,,Sims2020,,
Taoping-148_peopleclan-1,,Taoping,148_peopleclan,χma³³,χma³³,,,Sims2020,,
Longxi-148_peopleclan-1,,Longxi,148_peopleclan,mà,mà,,,Sims2020,,
Mianchi-148_peopleclan-1,,Mianchi,148_peopleclan,mà,mà,,,Sims2020,,
Yonghe-148_peopleclan-1,,Yonghe,148_peopleclan,mə̌ʴ,mə̌ʴ,,,Sims2020,,
Taoping-146_patchv-1,,Taoping,146_patchv,χpe³³,χpe³³,,,Sims2020,,
Longxi-145_patchn-1,,Longxi,145_patchn,pà qó,pà qó,,,Sims2020,,
Mianchi-144_patchn-1,,Mianchi,144_patchn,pɛ ̀tʂʰì,pɛ ̀tʂʰì,,,Sims2020,,
Niuwozi-146_patchv-1,,Niuwozi,146_patchv,pʰeᴿ,pʰeᴿ,,,Sims2020,,
Dayang-146_patchv-1,,Dayang,146_patchv,ɸpʰyě,ɸpʰyě,,,Sims2020,,
Taoba-146_patchv-1,,Taoba,146_patchv,xə³⁵ pʰiɛ³⁵,xə³⁵ pʰiɛ³⁵,,,Sims2020,,
Qinghua-146_patchv-1,,Qinghua,146_patchv,xə¹³ fpʰɛ¹³,xə¹³ fpʰɛ¹³,,,Sims2020,,
Lanping-146_patchv-1,,Lanping,146_patchv,xə¹³ spʰɛ¹³,xə¹³ spʰɛ¹³,,,Sims2020,,
Jiulong-146_patchv-1,,Jiulong,146_patchv,pʰa¹¹ la¹¹ de³⁵,pʰa¹¹ la¹¹ de³⁵,,,Sims2020,,
Taoping-143_pantstrousers-1,,Taoping,143_pantstrousers,iɑ³¹ ʃɿ³³,iɑ³¹ ʃɿ³³,,,Sims2020,,
Mianchi-142_pantsleg-1,,Mianchi,142_pantsleg,ʐɛ̀ tì gù gú,ʐɛ̀ tì gù gú,,,Sims2020,,
Wadu-143_pantstrousers-1,,Wadu,143_pantstrousers,ʑə̌,ʑə̌,,,Sims2020,,
Taoba-143_pantstrousers-1,,Taoba,143_pantstrousers,ʑɨ³⁵,ʑɨ³⁵,,,Sims2020,,
Taoping-140_overflow-1,,Taoping,140_overflow,bə³³,bə³³,,,Sims2020,,
Taoping-138_open-1,,Taoping,138_open,pʰʐa⁵⁵,pʰʐa⁵⁵,,,Sims2020,,
Longxi-139_openeye-1,,Longxi,139_openeye,tə̀ pʰé,tə̀ pʰé,,,Sims2020,,
Mianchi-138_open-1,,Mianchi,138_open,pʰɚ́,pʰɚ́,,,Sims2020,,
Taoba-138_open-1,,Taoba,138_open,kʰə³⁵ pʰa⁵³,kʰə³⁵ pʰa⁵³,,,Sims2020,,
Lanping-202_splitopenrend-1,,Lanping,202_splitopenrend,tʰə¹³ pʃɑ⁵⁵,tʰə¹³ pʃɑ⁵⁵,,,Sims2020,,
Jiulong-138_open-1,,Jiulong,138_open,kʰɯ¹¹ pʰo⁵⁵,kʰɯ¹¹ pʰo⁵⁵,,,Sims2020,,
Taoping-134_nose-1,,Taoping,134_nose,χȵi³¹ qo⁵⁵ pə³³,χȵi³¹ qo⁵⁵ pə³³,,,Sims2020,,
Longxi-134_nose-1,,Longxi,134_nose,tì bá-qə̀,tì bá-qə̀,,,Sims2020,,
Mianchi-134_nose-1,,Mianchi,134_nose,nə̀ qɛ́ pì,nə̀ qɛ́ pì,,,Sims2020,,
Yonghe-134_nose-1,,Yonghe,134_nose,tə̀ qɑ́ pù,tə̀ qɑ́ pù,,,Sims2020,,
Niuwozi-134_nose-1,,Niuwozi,134_nose,n̥iᴸ dʒjõᴴ,n̥iᴸ dʒjõᴴ,,,Sims2020,,
Taoba-134_nose-1,,Taoba,134_nose,n̥ə³⁵ ɣiã⁵³,n̥ə³⁵ ɣiã⁵³,,,Sims2020,,
Qinghua-134_nose-1,,Qinghua,134_nose,xiɛ̃¹³ dʒõ⁵⁵,xiɛ̃¹³ dʒõ⁵⁵,,,Sims2020,,
Lanping-134_nose-1,,Lanping,134_nose,xiɛ̃¹³ dʒõ⁵⁵,xiɛ̃¹³ dʒõ⁵⁵,,,Sims2020,,
Jiulong-134_nose-1,,Jiulong,134_nose,ȵ̥ĩ¹¹ gõ³⁵,ȵ̥ĩ¹¹ gõ³⁵,,,Sims2020,,
Taoping-132_new-1,,Taoping,132_new,tsʰi⁵⁵,tsʰi⁵⁵,,,Sims2020,,
Longxi-132_new-1,,Longxi,132_new,tɕʰí,tɕʰí,,,Sims2020,,
Mianchi-132_new-1,,Mianchi,132_new,sí,sí,,,Sims2020,,
Yonghe-132_new-1,,Yonghe,132_new,sɨ́,sɨ́,,,Sims2020,,
Niuwozi-132_new-1,,Niuwozi,132_new,ʃiᴿ,ʃiᴿ,,,Sims2020,,
Taoba-132_new-1,,Taoba,132_new,ɕi⁵⁵ ɕi⁵⁵ mə⁵³,ɕi⁵⁵ ɕi⁵⁵ mə⁵³,,,Sims2020,,
Qinghua-132_new-1,,Qinghua,132_new,ʂi¹³ ʂi¹³,ʂi¹³ ʂi¹³,,,Sims2020,,
Lanping-132_new-1,,Lanping,132_new,ʂi¹³ ʂi¹³,ʂi¹³ ʂi¹³,,,Sims2020,,
Jiulong-132_new-1,,Jiulong,132_new,sə⁵⁵ pa⁵⁵,sə⁵⁵ pa⁵⁵,,,Sims2020,,
Taoping-131_nephwe-1,,Taoping,131_nephwe,dʑi³¹,dʑi³¹,,,Sims2020,,
Longxi-129_nephew-1,,Longxi,129_nephew,dʑì qʰuá,dʑì qʰuá,,,Sims2020,,
Mianchi-129_nephew-1,,Mianchi,129_nephew,dʑì,dʑì,,,Sims2020,,
Niuwozi-130_nephewpaternal-1,,Niuwozi,130_nephewpaternal,djuᴿ,djuᴿ,,,Sims2020,,
Dayang-129_nephew-1,,Dayang,129_nephew,dyǔ,dyǔ,,,Sims2020,,
Taoba-129_nephew-1,,Taoba,129_nephew,diu³⁵,diu³⁵,,,Sims2020,,
Qinghua-129_nephew-1,,Qinghua,129_nephew,diu¹³,diu¹³,,,Sims2020,,
Lanping-129_nephew-1,,Lanping,129_nephew,diu¹³,diu¹³,,,Sims2020,,
Taoping-128_needle-1,,Taoping,128_needle,χe³³,χe³³,,,Sims2020,,
Longxi-128_needle-1,,Longxi,128_needle,χèi,χèi,,,Sims2020,,
Mianchi-128_needle-1,,Mianchi,128_needle,χɛ̀,χɛ̀,,,Sims2020,,
Yonghe-128_needle-1,,Yonghe,128_needle,χə̌,χə̌,,,Sims2020,,
Wadu-128_needle-1,,Wadu,128_needle,qʰǔ,qʰǔ,,,Sims2020,,
Niuwozi-128_needle-1,,Niuwozi,128_needle,kʰoᴿ,kʰoᴿ,,,Sims2020,,
Dayang-128_needle-1,,Dayang,128_needle,qʰǒ,qʰǒ,,,Sims2020,,
Taoba-128_needle-1,,Taoba,128_needle,qʰo³⁵,qʰo³⁵,,,Sims2020,,
Qinghua-128_needle-1,,Qinghua,128_needle,qʰo⁵⁵,qʰo⁵⁵,,,Sims2020,,
Lanping-128_needle-1,,Lanping,128_needle,qʰo⁵⁵,qʰo⁵⁵,,,Sims2020,,
Jiulong-128_needle-1,,Jiulong,128_needle,qʰo⁵⁵,qʰo⁵⁵,,,Sims2020,,
Taoping-127_narrow-1,,Taoping,127_narrow,tɕʰe³³,tɕʰe³³,,,Sims2020,,
Longxi-127_narrow-1,,Longxi,127_narrow,tɕʰá,tɕʰá,,,Sims2020,,
Taoba-127_narrow-1,,Taoba,127_narrow,ʂə⁵⁵ mə⁵³,ʂə⁵⁵ mə⁵³,,,Sims2020,,
Qinghua-127_narrow-1,,Qinghua,127_narrow,stʃə⁵⁵,stʃə⁵⁵,,,Sims2020,,
Lanping-127_narrow-1,,Lanping,127_narrow,ʃtʃə⁵⁵,ʃtʃə⁵⁵,,,Sims2020,,
Jiulong-127_narrow-1,,Jiulong,127_narrow,tɕʰy¹¹ tɕʰy⁵⁵,tɕʰy¹¹ tɕʰy⁵⁵,,,Sims2020,,
Taoping-126_name-1,,Taoping,126_name,χmə⁵⁵,χmə⁵⁵,,,Sims2020,,
Longxi-126_name-1,,Longxi,126_name,zə̀ mú,zə̀ mú,,,Sims2020,,
Yonghe-126_name-1,,Yonghe,126_name,mə́ʴ,mə́ʴ,,,Sims2020,,
Wadu-126_name-1,,Wadu,126_name,mǽ̃,mǽ̃,,,Sims2020,,
Niuwozi-126_name-1,,Niuwozi,126_name,mɑ̃ᴴ,mɑ̃ᴴ,,,Sims2020,,
Dayang-126_name-1,,Dayang,126_name,mɑ̃́,mɑ̃́,,,Sims2020,,
Taoba-126_name-1,,Taoba,126_name,mɛ̃⁵⁵,mɛ̃⁵⁵,,,Sims2020,,
Qinghua-126_name-1,,Qinghua,126_name,ma⁵⁵,ma⁵⁵,,,Sims2020,,
Lanping-126_name-1,,Lanping,126_name,ma⁵⁵,ma⁵⁵,,,Sims2020,,
Jiulong-126_name-1,,Jiulong,126_name,mã³⁵,mã³⁵,,,Sims2020,,
Longxi-14_bloom-1,,Longxi,14_bloom,tə̀ pá,tə̀ pá,,,Sims2020,,
Mianchi-14_bloom-1,,Mianchi,14_bloom,pɛ̀,pɛ̀,,,Sims2020,,
Yonghe-14_bloom-1,,Yonghe,14_bloom,tə̀ pá,tə̀ pá,,,Sims2020,,
Qinghua-14_bloom-1,,Qinghua,14_bloom,tə⁵⁵ pɐ⁵⁵,tə⁵⁵ pɐ⁵⁵,,,Sims2020,,
Taoping-125_mushroom-1,,Taoping,125_mushroom,mɑ³¹ ʐu³³,mɑ³¹ ʐu³³,,,Sims2020,,
Longxi-125_mushroom-1,,Longxi,125_mushroom,mə̀ ɚ̀,mə̀ ɚ̀,,,Sims2020,,
Mianchi-125_mushroom-1,,Mianchi,125_mushroom,mò tsú ~ mɛ̀ ʐú,mò tsú,,,Sims2020,,
Yonghe-125_mushroom-1,,Yonghe,125_mushroom,mù xí,mù xí,,,Sims2020,,
Wadu-125_mushroom-1,,Wadu,125_mushroom,mǐ,mǐ,,,Sims2020,,
Dayang-125_mushroom-1,,Dayang,125_mushroom,mrẽ̌,mrẽ̌,,,Sims2020,,
Taoba-125_mushroom-1,,Taoba,125_mushroom,mi³⁵,mi³⁵,,,Sims2020,,
Qinghua-125_mushroom-1,,Qinghua,125_mushroom,mʐi¹³,mʐi¹³,,,Sims2020,,
Lanping-125_mushroom-1,,Lanping,125_mushroom,mʐi¹³,mʐi¹³,,,Sims2020,,
Jiulong-125_mushroom-1,,Jiulong,125_mushroom,mỹ³⁵,mỹ³⁵,,,Sims2020,,
Taoping-123_moon-1,,Taoping,123_moon,ɕy³³ ɕya⁵⁵,ɕy³³ ɕya⁵⁵,,,Sims2020,,
Longxi-123_moon-1,,Longxi,123_moon,lə̀,lə̀,,,Sims2020,,
Mianchi-123_moon-1,,Mianchi,123_moon,ɬə̀,ɬə̀,,,Sims2020,,
Yonghe-123_moon-1,,Yonghe,123_moon,ɬì ɕʷǽ,ɬì ɕʷǽ,,,Sims2020,,
Niuwozi-123_moon-1,,Niuwozi,123_moon,l̥iᴴ,l̥iᴴ,,,Sims2020,,
Taoba-123_moon-1,,Taoba,123_moon,ɬi⁵⁵,ɬi⁵⁵,,,Sims2020,,
Qinghua-123_moon-1,,Qinghua,123_moon,ɬi⁵⁵,ɬi⁵⁵,,,Sims2020,,
Lanping-123_moon-1,,Lanping,123_moon,ɬi⁵⁵,ɬi⁵⁵,,,Sims2020,,
Jiulong-123_moon-1,,Jiulong,123_moon,ɬi⁵⁵ ŋɯ⁵⁵,ɬi⁵⁵ ŋɯ⁵⁵,,,Sims2020,,
Taoping-121_meatflesh-1,,Taoping,121_meatflesh,tʃʰɿ⁵⁵,tʃʰɿ⁵⁵,,,Sims2020,,
Niuwozi-121_meatflesh-1,,Niuwozi,121_meatflesh,ʂɨᶠ,ʂɨᶠ,,,Sims2020,,
Dayang-121_meatflesh-1,,Dayang,121_meatflesh,ʃtʃɨ̌,ʃtʃɨ̌,,,Sims2020,,
Taoba-121_meatflesh-1,,Taoba,121_meatflesh,ʂə⁵³,ʂə⁵³,,,Sims2020,,
Qinghua-121_meatflesh-1,,Qinghua,121_meatflesh,ʃɤ⁵⁵,ʃɤ⁵⁵,,,Sims2020,,
Lanping-121_meatflesh-1,,Lanping,121_meatflesh,ʃɤ⁵⁵,ʃɤ⁵⁵,,,Sims2020,,
Jiulong-121_meatflesh-1,,Jiulong,121_meatflesh,ʃi⁵⁵,ʃi⁵⁵,,,Sims2020,,
Taoping-119_lung-1,,Taoping,119_lung,tsʰu⁵⁵,tsʰu⁵⁵,,,Sims2020,,
Longxi-119_lung-1,,Longxi,119_lung,tsʰù,tsʰù,,,Sims2020,,
Mianchi-119_lung-1,,Mianchi,119_lung,tsʰoù,tsʰoù,,,Sims2020,,
Yonghe-119_lung-1,,Yonghe,119_lung,tsʰù-pʰɑ́,tsʰù-pʰɑ́,,,Sims2020,,
Wadu-119_lung-1,,Wadu,119_lung,tsʰʉ̌,tsʰʉ̌,,,Sims2020,,
Niuwozi-119_lung-1,,Niuwozi,119_lung,tsʰʉᴿ,tsʰʉᴿ,,,Sims2020,,
Dayang-119_lung-1,,Dayang,119_lung,tsʰʉ̌,tsʰʉ̌,,,Sims2020,,
Taoba-119_lung-1,,Taoba,119_lung,tsʰø¹³,tsʰø¹³,,,Sims2020,,
Qinghua-119_lung-1,,Qinghua,119_lung,tsʰy¹³,tsʰy¹³,,,Sims2020,,
Lanping-119_lung-1,,Lanping,119_lung,tsʰy¹³,tsʰy¹³,,,Sims2020,,
Jiulong-119_lung-1,,Jiulong,119_lung,tsʰu⁵⁵,tsʰu⁵⁵,,,Sims2020,,
Taoping-117_lock-1,,Taoping,117_lock,qɑ⁵⁵ suɑ³¹,qɑ⁵⁵ suɑ³¹,,,Sims2020,,
Mianchi-117_lock-1,,Mianchi,117_lock,ʂuà,ʂuà,,,Sims2020,,
Qinghua-117_lock-1,,Qinghua,117_lock,sɑ¹³,sɑ¹³,,,Sims2020,,
Lanping-117_lock-1,,Lanping,117_lock,sɑ¹³,sɑ¹³,,,Sims2020,,
Taoping-116_liver-1,,Taoping,116_liver,sie⁵⁵,sie⁵⁵,,,Sims2020,,
Longxi-116_liver-1,,Longxi,116_liver,ɕí ɹá,ɕí ɹá,,,Sims2020,,
Mianchi-116_liver-1,,Mianchi,116_liver,sè,sè,,,Sims2020,,
Wadu-116_liver-1,,Wadu,116_liver,tswẽ́,tswẽ́,,,Sims2020,,
Niuwozi-116_liver-1,,Niuwozi,116_liver,tsɥɛ̃ᶠ,tsɥɛ̃ᶠ,,,Sims2020,,
Dayang-116_liver-1,,Dayang,116_liver,tswǐ,tswǐ,,,Sims2020,,
Taoba-116_liver-1,,Taoba,116_liver,tsuẽ⁵³,tsuẽ⁵³,,,Sims2020,,
Qinghua-116_liver-1,,Qinghua,116_liver,tsyɛ̃⁵⁵,tsyɛ̃⁵⁵,,,Sims2020,,
Lanping-116_liver-1,,Lanping,116_liver,tsyɛ̃⁵⁵,tsyɛ̃⁵⁵,,,Sims2020,,
Jiulong-116_liver-1,,Jiulong,116_liver,tsu³⁵,tsu³⁵,,,Sims2020,,
Taoping-110_left-1,,Taoping,110_left,χgy³³,χgy³³,,,Sims2020,,
Mianchi-111_lefthand-1,,Mianchi,111_lefthand,guì,guì,,,Sims2020,,
Yonghe-112_leftside-1,,Yonghe,112_leftside,wàʴ-tɕʰá,wàʴ-tɕʰá,,,Sims2020,,
Wadu-110_left-1,,Wadu,110_left,wɛ̌j,wɛ̌j,,,Sims2020,,
Qinghua-110_left-1,,Qinghua,110_left,uɑ¹³,uɑ¹³,,,Sims2020,,
Lanping-110_left-1,,Lanping,110_left,uɑ¹³,uɑ¹³,,,Sims2020,,
Jiulong-110_left-1,,Jiulong,110_left,we³⁵,we³⁵,,,Sims2020,,
Taoping-109_learnteach-1,,Taoping,109_learnteach,tə¹³-sy⁵⁵,tə¹³-sy⁵⁵,,,Sims2020,,
Longxi-109_learnteach-1,,Longxi,109_learnteach,só,só,,,Sims2020,,
Mianchi-109_learnteach-1,,Mianchi,109_learnteach,soú,soú,,,Sims2020,,
Yonghe-216_teach-1,,Yonghe,216_teach,ɕwí,ɕwí,,,Sims2020,,
Wadu-109_learnteach-1,,Wadu,109_learnteach,swẽ́,swẽ́,,,Sims2020,,
Niuwozi-216_teach-1,,Niuwozi,216_teach,sʉᴴ sɥɛ̃ᴸ,sʉᴴ sɥɛ̃ᴸ,,,Sims2020,,
Dayang-216_teach-1,,Dayang,216_teach,swĩ́,swĩ́,,,Sims2020,,
Taoba-108_learnteach-1,,Taoba,108_learnteach,xə³⁵ suẽ⁵³,xə³⁵ suẽ⁵³,,,Sims2020,,
Qinghua-108_learnteach-1,,Qinghua,108_learnteach,xə¹³ syẽ⁵⁵,xə¹³ syẽ⁵⁵,,,Sims2020,,
Lanping-108_learnteach-1,,Lanping,108_learnteach,sy⁵⁵ syɛ̃¹³,sy⁵⁵ syɛ̃¹³,,,Sims2020,,
Jiulong-108_learnteach-1,,Jiulong,108_learnteach,suɛ̃⁵⁵,suɛ̃⁵⁵,,,Sims2020,,
Taoping-107_leanofmeat-1,,Taoping,107_leanofmeat,dʐo²⁴¹,dʐo²⁴¹,,,Sims2020,,
Taoba-107_leanofmeat-1,,Taoba,107_leanofmeat,dʐɐ³⁵ mə⁵³,dʐɐ³⁵ mə⁵³,,,Sims2020,,
Qinghua-107_leanofmeat-1,,Qinghua,107_leanofmeat,dʐə¹³ ti⁵⁵,dʐə¹³ ti⁵⁵,,,Sims2020,,
Taoping-104_laugh-1,,Taoping,104_laugh,dʐa³³,dʐa³³,,,Sims2020,,
Longxi-104_laugh-1,,Longxi,104_laugh,dzà ~ zà,dzà,,,Sims2020,,
Mianchi-104_laugh-1,,Mianchi,104_laugh,dʐà,dʐà,,,Sims2020,,
Yonghe-104_laugh-1,,Yonghe,104_laugh,dʐɑ̌,dʐɑ̌,,,Sims2020,,
Wadu-104_laugh-1,,Wadu,104_laugh,nɐ-ɻ̥æ̃̌,nɐ-ɻ̥æ̃̌,,,Sims2020,,
Niuwozi-104_laugh-1,,Niuwozi,104_laugh,ʴ̥aR,ʴ̥aR,,,Sims2020,,
Dayang-104_laugh-1,,Dayang,104_laugh,ʂɑ̌,ʂɑ̌,,,Sims2020,,
Taoba-104_laugh-1,,Taoba,104_laugh,ʂa³⁵,ʂa³⁵,,,Sims2020,,
Qinghua-104_laugh-1,,Qinghua,104_laugh,ʃɑ¹³,ʃɑ¹³,,,Sims2020,,
Lanping-104_laugh-1,,Lanping,104_laugh,ʃɑ¹³,ʃɑ¹³,,,Sims2020,,
Jiulong-104_laugh-1,,Jiulong,104_laugh,ʂɑ¹¹ ʂɑ⁵⁵,ʂɑ¹¹ ʂɑ⁵⁵,,,Sims2020,,
Taoping-101_house-1,,Taoping,101_house,tɕi⁵⁵ ko³³,tɕi⁵⁵ ko³³,,,Sims2020,,
Longxi-101_house-1,,Longxi,101_house,tɕé kù,tɕé kù,,,Sims2020,,
Mianchi-101_house-1,,Mianchi,101_house,tɕí,tɕí,,,Sims2020,,
Yonghe-101_house-1,,Yonghe,101_house,tɕí,tɕí,,,Sims2020,,
Wadu-101_house-1,,Wadu,101_house,tʃṍ,tʃṍ,,,Sims2020,,
Niuwozi-101_house-1,,Niuwozi,101_house,tʃĩᴴ,tʃĩᴴ,,,Sims2020,,
Taoba-101_house-1,,Taoba,101_house,tɕø̃⁵⁵,tɕø̃⁵⁵,,,Sims2020,,
Qinghua-101_house-1,,Qinghua,101_house,tʃə̃⁵⁵,tʃə̃⁵⁵,,,Sims2020,,
Lanping-101_house-1,,Lanping,101_house,tʃə̃⁵⁵,tʃə̃⁵⁵,,,Sims2020,,
Jiulong-101_house-1,,Jiulong,101_house,tɕĩ³⁵,tɕĩ³⁵,,,Sims2020,,
Taoping-100_horse-1,,Taoping,100_horse,ʐu⁵⁵,ʐu⁵⁵,,,Sims2020,,
Longxi-100_horse-1,,Longxi,100_horse,ʐoù,ʐoù,,,Sims2020,,
Mianchi-100_horse-1,,Mianchi,100_horse,ʁò,ʁò,,,Sims2020,,
Yonghe-100_horse-1,,Yonghe,100_horse,wǐ ~ wí,wǐ,,,Sims2020,,
Wadu-100_horse-1,,Wadu,100_horse,gwĩ̌,gwĩ̌,,,Sims2020,,
Niuwozi-100_horse-1,,Niuwozi,100_horse,gɥɛ̃ᴸ,gɥɛ̃ᴸ,,,Sims2020,,
Dayang-100_horse-1,,Dayang,100_horse,ʒdʒĩ̌,ʒdʒĩ̌,,,Sims2020,,
Taoba-100_horse-1,,Taoba,100_horse,ɣuẽ³⁵,ɣuẽ³⁵,,,Sims2020,,
Qinghua-100_horse-1,,Qinghua,100_horse,sgyɛ̃¹³,sgyɛ̃¹³,,,Sims2020,,
Lanping-100_horse-1,,Lanping,100_horse,zgyɛ̃¹³,zgyɛ̃¹³,,,Sims2020,,
Jiulong-100_horse-1,,Jiulong,100_horse,ʐuẽ³⁵,ʐuẽ³⁵,,,Sims2020,,
Taoping-97_holdbabyinarms-1,,Taoping,97_holdbabyinarms,χtu³³,χtu³³,,,Sims2020,,
Longxi-98_holdinarms-1,,Longxi,98_holdinarms,toù,toù,,,Sims2020,,
Mianchi-99_holdclosely-1,,Mianchi,99_holdclosely,ɦà tòu,ɦà tòu,,,Sims2020,,
Taoping-96_hoe-1,,Taoping,96_hoe,kua³³,kua³³,,,Sims2020,,
Longxi-96_hoe-1,,Longxi,96_hoe,tɕuà,tɕuà,,,Sims2020,,
Mianchi-96_hoe-1,,Mianchi,96_hoe,kuà,kuà,,,Sims2020,,
Yonghe-96_hoe-1,,Yonghe,96_hoe,kwæ̌,kwæ̌,,,Sims2020,,
Taoba-96_hoe-1,,Taoba,96_hoe,tɕya³⁵ dzə⁵⁵,tɕya³⁵ dzə⁵⁵,,,Sims2020,,
Jiulong-96_hoe-1,,Jiulong,96_hoe,tʂu³⁵ mɑ⁵⁵,tʂu³⁵ mɑ⁵⁵,,,Sims2020,,
Taoping-92_heart-1,,Taoping,92_heart,χtie⁵⁵ mə⁵⁵,χtie⁵⁵ mə⁵⁵,,,Sims2020,,
Longxi-92_heart-1,,Longxi,92_heart,ɕì mì,ɕì mì,,,Sims2020,,
Mianchi-92_heart-1,,Mianchi,92_heart,tiè,tiè,,,Sims2020,,
Yonghe-92_heart-1,,Yonghe,92_heart,tì mí ~ tʰì mí,tì mí,,,Sims2020,,
Taoping-86_hair-1,,Taoping,86_hair,χmə³³,χmə³³,,,Sims2020,,
Longxi-86_hair-1,,Longxi,86_hair,χù,χù,,,Sims2020,,
Mianchi-86_hair-1,,Mianchi,86_hair,mù,mù,,,Sims2020,,
Yonghe-86_hair-1,,Yonghe,86_hair,hǔʴ,hǔʴ,,,Sims2020,,
Wadu-86_hair-1,,Wadu,86_hair,qhʉ́ m̥æ̀,qhʉ́ m̥æ̀,,,Sims2020,,
Niuwozi-86_hair-1,,Niuwozi,86_hair,khʉᴴ mãᴸ,khʉᴴ mãᴸ,,,Sims2020,,
Taoba-86_hair-1,,Taoba,86_hair,ma⁵⁵,ma⁵⁵,,,Sims2020,,
Qinghua-86_hair-1,,Qinghua,86_hair,ma⁵⁵,ma⁵⁵,,,Sims2020,,
Lanping-86_hair-1,,Lanping,86_hair,ma⁵⁵,ma⁵⁵,,,Sims2020,,
Jiulong-91_headhair-1,,Jiulong,91_headhair,"mã³⁵, mɛ̃i³⁵, qʰuo¹¹ mɛi³⁵","mã³⁵, mɛ̃i³⁵, qʰuo¹¹ mɛi³⁵",,,Sims2020,,
Taoping-79_gnaw-1,,Taoping,79_gnaw,χɢɑ²⁴¹,χɢɑ²⁴¹,,,Sims2020,,
Longxi-79_gnaw-1,,Longxi,79_gnaw,ʁà ɕà,ʁà ɕà,,,Sims2020,,
Yonghe-79_gnaw-1,,Yonghe,79_gnaw,gɑ̀ʴ ɬɛ́,gɑ̀ʴ ɬɛ́,,,Sims2020,,
Wadu-79_gnaw-1,,Wadu,79_gnaw,qǎ,qǎ,,,Sims2020,,
Dayang-9_bite-1,,Dayang,9_bite,χqɑ̌,χqɑ̌,,,Sims2020,,
Qinghua-79_gnaw-1,,Qinghua,79_gnaw,xə¹³ qɑ¹³,xə¹³ qɑ¹³,,,Sims2020,,
Taoping-77_gall-1,,Taoping,77_gall,χtʂə⁵⁵,χtʂə⁵⁵,,,Sims2020,,
Longxi-77_gall-1,,Longxi,77_gall,tsɨ́,tsɨ́,,,Sims2020,,
Mianchi-77_gall-1,,Mianchi,77_gall,tɕɨ́,tɕɨ́,,,Sims2020,,
Wadu-77_gall-1,,Wadu,77_gall,ʈə́,ʈə́,,,Sims2020,,
Niuwozi-77_gall-1,,Niuwozi,77_gall,kʴəᴴ,kʴəᴴ,,,Sims2020,,
Taoba-77_gall-1,,Taoba,77_gall,tʂə⁵⁵,tʂə⁵⁵,,,Sims2020,,
Qinghua-77_gall-1,,Qinghua,77_gall,tʂə⁵⁵,tʂə⁵⁵,,,Sims2020,,
Lanping-77_gall-1,,Lanping,77_gall,tʂə⁵⁵,tʂə⁵⁵,,,Sims2020,,
Jiulong-77_gall-1,,Jiulong,77_gall,tʂɿ³⁵,tʂɿ³⁵,,,Sims2020,,
Taoping-76_front-1,,Taoping,76_front,qə³¹ əʴ⁵⁵,qə³¹ əʴ⁵⁵,,,Sims2020,,
Yonghe-76_front-1,,Yonghe,76_front,kəʴ̌ ~ qə̌ʴ,kəʴ̌,,,Sims2020,,
Wadu-76_front-1,,Wadu,76_front,ɹə́,ɹə́,,,Sims2020,,
Niuwozi-76_front-1,,Niuwozi,76_front,ɹəᶠ,ɹəᶠ,,,Sims2020,,
Qinghua-76_front-1,,Qinghua,76_front,ʐə⁵⁵,ʐə⁵⁵,,,Sims2020,,
Lanping-76_front-1,,Lanping,76_front,ʐə⁵⁵,ʐə⁵⁵,,,Sims2020,,
Taoping-75_frog-1,,Taoping,75_frog,dzuɑ³¹ pu⁵⁵ mɑ³³,dzuɑ³¹ pu⁵⁵ mɑ³³,,,Sims2020,,
Longxi-75_frog-1,,Longxi,75_frog,zò-piá,zò-piá,,,Sims2020,,
Mianchi-75_frog-1,,Mianchi,75_frog,dzò-piá,dzò-piá,,,Sims2020,,
Yonghe-75_frog-1,,Yonghe,75_frog,dzù pǽ,dzù pǽ,,,Sims2020,,
Niuwozi-75_frog-1,,Niuwozi,75_frog,pɜᴴ diᴴ,pɜᴴ diᴴ,,,Sims2020,,
Dayang-75_frog-1,,Dayang,75_frog,ɸpɒ́,ɸpɒ́,,,Sims2020,,
Qinghua-75_frog-1,,Qinghua,75_frog,spɑ⁵⁵,spɑ⁵⁵,,,Sims2020,,
Lanping-75_frog-1,,Lanping,75_frog,fpɑ⁵⁵,fpɑ⁵⁵,,,Sims2020,,
Jiulong-75_frog-1,,Jiulong,75_frog,pɐ⁵⁵ de⁵⁵,pɐ⁵⁵ de⁵⁵,,,Sims2020,,
Taoping-74_fox-1,,Taoping,74_fox,qʰɑ³³ χguə³³,qʰɑ³³ χguə³³,,,Sims2020,,
Longxi-74_fox-1,,Longxi,74_fox,qʰà guà,qʰà guà,,,Sims2020,,
Mianchi-74_fox-1,,Mianchi,74_fox,qʰá guɚ̀,qʰá guɚ̀,,,Sims2020,,
Yonghe-74_fox-1,,Yonghe,74_fox,wæ̌,wæ̌,,,Sims2020,,
Niuwozi-74_fox-1,,Niuwozi,74_fox,gɥɛᶠ,gɥɛᶠ,,,Sims2020,,
Taoba-74_fox-1,,Taoba,74_fox,guə⁵³,guə⁵³,,,Sims2020,,
Qinghua-74_fox-1,,Qinghua,74_fox,sgyɛ¹³,sgyɛ¹³,,,Sims2020,,
Lanping-74_fox-1,,Lanping,74_fox,guɐ¹³ po⁵⁵,guɐ¹³ po⁵⁵,,,Sims2020,,
Jiulong-74_fox-1,,Jiulong,74_fox,ʐyə³⁵,ʐyə³⁵,,,Sims2020,,
Taoping-72_footmeasure-1,,Taoping,72_footmeasure,tʂʰə⁵⁵,tʂʰə⁵⁵,,,Sims2020,,
Wadu-71_foot-1,,Wadu,71_foot,ʈʰə́,ʈʰə́,,,Sims2020,,
Niuwozi-71_foot-1,,Niuwozi,71_foot,kʰʴəᴴ,kʰʴəᴴ,,,Sims2020,,
Dayang-71_foot-1,,Dayang,71_foot,ʈʰɨ́,ʈʰɨ́,,,Sims2020,,
Taoba-71_foot-1,,Taoba,71_foot,tʂʰə⁵³,tʂʰə⁵³,,,Sims2020,,
Qinghua-71_foot-1,,Qinghua,71_foot,tʂʰə⁵⁵,tʂʰə⁵⁵,,,Sims2020,,
Lanping-71_foot-1,,Lanping,71_foot,tʂʰə⁵³,tʂʰə⁵³,,,Sims2020,,
Jiulong-71_foot-1,,Jiulong,71_foot,tʂʰɿ⁵⁵,tʂʰɿ⁵⁵,,,Sims2020,,
Taoping-69_flee-1,,Taoping,69_flee,pʰu⁵⁵,pʰu⁵⁵,,,Sims2020,,
Longxi-69_flee-1,,Longxi,69_flee,dà pʰó,dà pʰó,,,Sims2020,,
Yonghe-69_flee-1,,Yonghe,69_flee,dò pʰú,dò pʰú,,,Sims2020,,
Wadu-69_flee-1,,Wadu,69_flee,pʰĩ̀,pʰĩ̀,,,Sims2020,,
Niuwozi-69_flee-1,,Niuwozi,69_flee,pʰjɛ̃ᴿ,pʰjɛ̃ᴿ,,,Sims2020,,
Dayang-69_flee-1,,Dayang,69_flee,ptʃʰĩ̌,ptʃʰĩ̌,,,Sims2020,,
Qinghua-69_flee-1,,Qinghua,69_flee,pʰʒã⁵⁵,pʰʒã⁵⁵,,,Sims2020,,
Lanping-69_flee-1,,Lanping,69_flee,kʰə¹³ pʰʃã⁵⁵,kʰə¹³ pʰʃã⁵⁵,,,Sims2020,,
Jiulong-69_flee-1,,Jiulong,69_flee,pʰã⁵⁵,pʰã⁵⁵,,,Sims2020,,
Taoping-68_flea-1,,Taoping,68_flea,tsu⁵⁵ lu⁵⁵,tsu⁵⁵ lu⁵⁵,,,Sims2020,,
Wadu-68_flea-1,,Wadu,68_flea,l̥ɛj́,l̥ɛj́,,,Sims2020,,
Niuwozi-68_flea-1,,Niuwozi,68_flea,l̥ɜjᶠ,l̥ɜjᶠ,,,Sims2020,,
Taoba-68_flea-1,,Taoba,68_flea,ɬe⁵³,ɬe⁵³,,,Sims2020,,
Qinghua-68_flea-1,,Qinghua,68_flea,ɬa⁵⁵,ɬa⁵⁵,,,Sims2020,,
Lanping-68_flea-1,,Lanping,68_flea,ɬa⁵⁵,ɬa⁵⁵,,,Sims2020,,
Jiulong-68_flea-1,,Jiulong,68_flea,ɬɛi⁵⁵,ɬɛi⁵⁵,,,Sims2020,,
Taoping-67_firewood-1,,Taoping,67_firewood,sie³³,sie³³,,,Sims2020,,
Longxi-67_firewood-1,,Longxi,67_firewood,ɕì,ɕì,,,Sims2020,,
Mianchi-67_firewood-1,,Mianchi,67_firewood,sè,sè,,,Sims2020,,
Yonghe-67_firewood-1,,Yonghe,67_firewood,sɛ́,sɛ́,,,Sims2020,,
Wadu-67_firewood-1,,Wadu,67_firewood,sěŋ,sěŋ,,,Sims2020,,
Niuwozi-67_firewood-1,,Niuwozi,67_firewood,sjẽᴿ,sjẽᴿ,,,Sims2020,,
Taoba-67_firewood-1,,Taoba,67_firewood,sẽ³⁵,sẽ³⁵,,,Sims2020,,
Qinghua-67_firewood-1,,Qinghua,67_firewood,siɛ̃¹³,siɛ̃¹³,,,Sims2020,,
Lanping-67_firewood-1,,Lanping,67_firewood,siɛ̃¹³,siɛ̃¹³,,,Sims2020,,
Jiulong-67_firewood-1,,Jiulong,67_firewood,sẽ⁵⁵,sẽ⁵⁵,,,Sims2020,,
Taoping-63_fearbeafraid-1,,Taoping,63_fearbeafraid,qu³³,qu³³,,,Sims2020,,
Longxi-61_feardifficulty-1,,Longxi,61_feardifficulty,qò,qò,,,Sims2020,,
Mianchi-60_fear-1,,Mianchi,60_fear,kòu,kòu,,,Sims2020,,
Wadu-63_fearbeafraid-1,,Wadu,63_fearbeafraid,kɐ̌,kɐ̌,,,Sims2020,,
Niuwozi-63_fearbeafraid-1,,Niuwozi,63_fearbeafraid,kjɜ̌,kjɜ̌,,,Sims2020,,
Taoba-63_fearbeafraid-1,,Taoba,63_fearbeafraid,xiɐ³⁵,xiɐ³⁵,,,Sims2020,,
Qinghua-63_fearbeafraid-1,,Qinghua,63_fearbeafraid,skiɛ¹³,skiɛ¹³,,,Sims2020,,
Taoping-57_eye-1,,Taoping,57_eye,mi⁵⁵,mi⁵⁵,,,Sims2020,,
Longxi-57_eye-1,,Longxi,57_eye,ȵí má toù,ȵí má toù,,,Sims2020,,
Mianchi-57_eye-1,,Mianchi,57_eye,mù tié,mù tié,,,Sims2020,,
Yonghe-57_eye-1,,Yonghe,57_eye,mí kjæ̀,mí kjæ̀,,,Sims2020,,
Wadu-57_eye-1,,Wadu,57_eye,njæ HL,njæ HL,,,Sims2020,,
Niuwozi-57_eye-1,,Niuwozi,57_eye,mjaᶠ,mjaᶠ,,,Sims2020,,
Dayang-57_eye-1,,Dayang,57_eye,myɑ́N,myɑ́N,,,Sims2020,,
Taoba-57_eye-1,,Taoba,57_eye,ȵiɛ⁵³,ȵiɛ⁵³,,,Sims2020,,
Qinghua-57_eye-1,,Qinghua,57_eye,miɑ⁵⁵,miɑ⁵⁵,,,Sims2020,,
Lanping-57_eye-1,,Lanping,57_eye,miɑ⁵⁵,miɑ⁵⁵,,,Sims2020,,
Jiulong-57_eye-1,,Jiulong,57_eye,ȵə³⁵,ȵə³⁵,,,Sims2020,,
Taoping-54_elbow-1,,Taoping,54_elbow,i³³ kye³³ kye³³,i³³ kye³³ kye³³,,,Sims2020,,
Taoba-54_elbow-1,,Taoba,54_elbow,ʑɛ³⁵ ku³⁵,ʑɛ³⁵ ku³⁵,,,Sims2020,,
Qinghua-54_elbow-1,,Qinghua,54_elbow,ʒɛ¹³ kʰu⁵⁵,ʒɛ¹³ kʰu⁵⁵,,,Sims2020,,
Lanping-54_elbow-1,,Lanping,54_elbow,ʒɛ⁵⁵ xqo¹³,ʒɛ⁵⁵ xqo¹³,,,Sims2020,,
Taoping-53_easy-1,,Taoping,53_easy,zie³¹,zie³¹,,,Sims2020,,
Mianchi-53_easy-1,,Mianchi,53_easy,(pù) zɛ̀,zɛ̀,,,Sims2020,,
Yonghe-53_easy-1,,Yonghe,53_easy,zə̌,zə̌,,,Sims2020,,
Taoba-53_easy-1,,Taoba,53_easy,ʑe³⁵ ʑe⁵⁵ mə⁵³,ʑe³⁵ ʑe⁵⁵ mə⁵³,,,Sims2020,,
Qinghua-53_easy-1,,Qinghua,53_easy,stʃɛ¹³ stʃɛ¹³,stʃɛ¹³ stʃɛ¹³,,,Sims2020,,
Lanping-53_easy-1,,Lanping,53_easy,ʃtʃɛ¹³ ʃtʃɛ⁵⁵,ʃtʃɛ¹³ ʃtʃɛ⁵⁵,,,Sims2020,,
Jiulong-53_easy-1,,Jiulong,53_easy,dʑə³⁵ dʑə³⁵,dʑə³⁵ dʑə³⁵,,,Sims2020,,
Taoping-51_drum-1,,Taoping,51_drum,χbu³³,χbu³³,,,Sims2020,,
Longxi-51_drum-1,,Longxi,51_drum,bù,bù,,,Sims2020,,
Mianchi-51_drum-1,,Mianchi,51_drum,bù,bù,,,Sims2020,,
Taoping-47_dragon-1,,Taoping,47_dragon,χbə²⁴¹,χbə²⁴¹,,,Sims2020,,
Longxi-47_dragon-1,,Longxi,47_dragon,bú,bú,,,Sims2020,,
Mianchi-47_dragon-1,,Mianchi,47_dragon,bú,bú,,,Sims2020,,
Taoba-47_dragon-1,,Taoba,47_dragon,bʐo⁵⁵,bʐo⁵⁵,,,Sims2020,,
Taoping-44_deity-1,,Taoping,44_deity,tsʰie³³,tsʰie³³,,,Sims2020,,
Longxi-44_deity-1,,Longxi,44_deity,tɕʰí,tɕʰí,,,Sims2020,,
Mianchi-44_deity-1,,Mianchi,44_deity,sé,sé,,,Sims2020,,
Yonghe-44_deity-1,,Yonghe,44_deity,sɨ́,sɨ́,,,Sims2020,,
Wadu-44_deity-1,,Wadu,44_deity,hí,hí,,,Sims2020,,
Niuwozi-44_deity-1,,Niuwozi,44_deity,xeᴴ,xeᴴ,,,Sims2020,,
Dayang-44_deity-1,,Dayang,44_deity,ɕé,ɕé,,,Sims2020,,
Qinghua-217_temple-1,,Qinghua,217_temple,ɕe⁵⁵ tʃə̃⁵⁵,ɕe⁵⁵ tʃə̃⁵⁵,,,Sims2020,,
Lanping-217_temple-1,,Lanping,217_temple,ɕe⁵⁵ tʃə̃⁵⁵,ɕe⁵⁵ tʃə̃⁵⁵,,,Sims2020,,
Taoping-43_deaf-1,,Taoping,43_deaf,ȵi³¹ kie³³ bu²⁴¹,ȵi³¹ kie³³ bu²⁴¹,,,Sims2020,,
Longxi-43_deaf-1,,Longxi,43_deaf,ȵì bò,ȵì bò,,,Sims2020,,
Mianchi-43_deaf-1,,Mianchi,43_deaf,bù,bù,,,Sims2020,,
Yonghe-43_deaf-1,,Yonghe,43_deaf,ȵí kwì bù,ȵí kwì bù,,,Sims2020,,
Wadu-43_deaf-1,,Wadu,43_deaf,da bõ̌,da bõ̌,,,Sims2020,,
Niuwozi-43_deaf-1,,Niuwozi,43_deaf,bõᴿ,bõᴿ,,,Sims2020,,
Taoba-43_deaf-1,,Taoba,43_deaf,zɐ³⁵ bõ³⁵,zɐ³⁵ bõ³⁵,,,Sims2020,,
Qinghua-43_deaf-1,,Qinghua,43_deaf,sdə¹³ bõ¹³,sdə¹³ bõ¹³,,,Sims2020,,
Lanping-43_deaf-1,,Lanping,43_deaf,zdə¹³ bõ¹³,zdə¹³ bõ¹³,,,Sims2020,,
Jiulong-43_deaf-1,,Jiulong,43_deaf,zɑ¹¹ bũ⁵⁵,zɑ¹¹ bũ⁵⁵,,,Sims2020,,
Taoping-40_dark-1,,Taoping,40_dark,mu³³,mu³³,,,Sims2020,,
Longxi-40_dark-1,,Longxi,40_dark,ɦà-mù,ɦà-mù,,,Sims2020,,
Mianchi-40_dark-1,,Mianchi,40_dark,mò,mò,,,Sims2020,,
Taoping-39_dancejump-1,,Taoping,39_dancejump,tsʰu⁵⁵ ta⁵⁵,tsʰu⁵⁵ ta⁵⁵,,,Sims2020,,
Longxi-39_dancejump-1,,Longxi,39_dancejump,tsʰó tà,tsʰó tà,,,Sims2020,,
Mianchi-39_dancejump-1,,Mianchi,39_dancejump,soú,soú,,,Sims2020,,
Yonghe-39_dancejump-1,,Yonghe,39_dancejump,sú tɛ̀,sú tɛ̀,,,Sims2020,,
Wadu-39_dancejump-1,,Wadu,39_dancejump,tsʰú,tsʰú,,,Sims2020,,
Niuwozi-39_dancejump-1,,Niuwozi,39_dancejump,tsʰoᶠ,tsʰoᶠ,,,Sims2020,,
Taoba-39_dancejump-1,,Taoba,39_dancejump,dʑɛ³⁵ tsʰo³⁵,dʑɛ³⁵ tsʰo³⁵,,,Sims2020,,
Qinghua-39_dancejump-1,,Qinghua,39_dancejump,tsʰa⁵⁵ tsʰo⁵⁵,tsʰa⁵⁵ tsʰo⁵⁵,,,Sims2020,,
Lanping-39_dancejump-1,,Lanping,39_dancejump,xə¹³ tsʰo⁵⁵,xə¹³ tsʰo⁵⁵,,,Sims2020,,
Jiulong-39_dancejump-1,,Jiulong,39_dancejump,tɕɯ⁵⁵ tsʰə⁵⁵,tɕɯ⁵⁵ tsʰə⁵⁵,,,Sims2020,,
Taoping-34_come-1,,Taoping,34_come,ly³³,ly³³,,,Sims2020,,
Longxi-34_come-1,,Longxi,34_come,lò,lò,,,Sims2020,,
Mianchi-34_come-1,,Mianchi,34_come,ȵù,ȵù,,,Sims2020,,
Wadu-34_come-1,,Wadu,34_come,ʑə̌,ʑə̌,,,Sims2020,,
Niuwozi-34_come-1,,Niuwozi,34_come,ʒɨᴿ,ʒɨᴿ,,,Sims2020,,
Taoba-34_come-1,,Taoba,34_come,ju³⁵,ju³⁵,,,Sims2020,,
Qinghua-34_come-1,,Qinghua,34_come,i¹³,i¹³,,,Sims2020,,
Lanping-34_come-1,,Lanping,34_come,ʒə³⁵,ʒə³⁵,,,Sims2020,,
Jiulong-34_come-1,,Jiulong,34_come,li³⁵,li³⁵,,,Sims2020,,
Taoping-33_cloud-1,,Taoping,33_cloud,χde³³,χde³³,,,Sims2020,,
Longxi-33_cloud-1,,Longxi,33_cloud,dá mù,dá mù,,,Sims2020,,
Mianchi-33_cloud-1,,Mianchi,33_cloud,dá mò,dá mò,,,Sims2020,,
Yonghe-33_cloud-1,,Yonghe,33_cloud,dá,dá,,,Sims2020,,
Niuwozi-33_cloud-1,,Niuwozi,33_cloud,dĩᴴ,dĩᴴ,,,Sims2020,,
Dayang-33_cloud-1,,Dayang,33_cloud,zdĩ́,zdĩ́,,,Sims2020,,
Qinghua-33_cloud-1,,Qinghua,33_cloud,sdĩ⁵⁵,sdĩ⁵⁵,,,Sims2020,,
Lanping-33_cloud-1,,Lanping,33_cloud,zdĩ⁵⁵,zdĩ⁵⁵,,,Sims2020,,
Jiulong-33_cloud-1,,Jiulong,33_cloud,dẽ³⁵,dẽ³⁵,,,Sims2020,,
Taoping-30_clearofwater-1,,Taoping,30_clearofwater,dʐe³³,dʐe³³,,,Sims2020,,
Lanping-30_clearofwater-1,,Lanping,30_clearofwater,dʐuɛ̃¹³ si⁵⁵,dʐuɛ̃¹³ si⁵⁵,,,Sims2020,,
Taoping-28_chop-1,,Taoping,28_chop,tsʰuɑ⁵⁵,tsʰuɑ⁵⁵,,,Sims2020,,
Longxi-28_chop-1,,Longxi,28_chop,tsʰuá dà,tsʰuá dà,,,Sims2020,,
Mianchi-28_chop-1,,Mianchi,28_chop,tsʰoú tià,tsʰoú tià,,,Sims2020,,
Yonghe-28_chop-1,,Yonghe,28_chop,tsʰwɑ́ tɛ̀,tsʰwɑ́ tɛ̀,,,Sims2020,,
Qinghua-28_chop-1,,Qinghua,28_chop,tʰə¹³ stʃɑ⁵⁵,tʰə¹³ stʃɑ⁵⁵,,,Sims2020,,
Lanping-28_chop-1,,Lanping,28_chop,tʰə¹³ ʃtʃɑ⁵⁵,tʰə¹³ ʃtʃɑ⁵⁵,,,Sims2020,,
Taoping-26_cavemountain-1,,Taoping,26_cavemountain,ʐɑ³³ pu³³,ʐɑ³³ pu³³,,,Sims2020,,
Yonghe-25_cave-1,,Yonghe,25_cave,ɦɑ̀ pú,ɦɑ̀ pú,,,Sims2020,,
Jiulong-25_cave-1,,Jiulong,25_cave,ʐə¹¹ pu⁵⁵,ʐə¹¹ pu⁵⁵,,,Sims2020,,
Taoping-24_cat-1,,Taoping,24_cat,ma³¹ ȵy⁵⁵,ma³¹ ȵy⁵⁵,,,Sims2020,,
Longxi-24_cat-1,,Longxi,24_cat,má{ȵú} mé{ȵòu},má{ȵú} mé{ȵòu},,,Sims2020,,
Yonghe-24_cat-1,,Yonghe,24_cat,mæ̀ ȵwí,mæ̀ ȵwí,,,Sims2020,,
Niuwozi-24_cat-1,,Niuwozi,24_cat,mɜᴸ tsɨᴿ,mɜᴸ tsɨᴿ,,,Sims2020,,
Taoba-24_cat-1,,Taoba,24_cat,mɐ³⁵ tsə⁵⁵,mɐ³⁵ tsə⁵⁵,,,Sims2020,,
Qinghua-24_cat-1,,Qinghua,24_cat,mɐ¹³ tsə⁵⁵,mɐ¹³ tsə⁵⁵,,,Sims2020,,
Jiulong-24_cat-1,,Jiulong,24_cat,mu¹¹ ȵi⁵⁵,mu¹¹ ȵi⁵⁵,,,Sims2020,,
Taoping-23_buttocks-1,,Taoping,23_buttocks,tʰɑ³¹ bɑ³³,tʰɑ³¹ bɑ³³,,,Sims2020,,
Longxi-238_vulva-1,,Longxi,238_vulva,tʰà bá,tʰà bá,,,Sims2020,,
Taoping-18_breakviofrope-1,,Taoping,18_breakviofrope,bʐe³³,bʐe³³,,,Sims2020,,
Longxi-18_breakviofrope-1,,Longxi,18_breakviofrope,bà,bà,,,Sims2020,,
Mianchi-18_breakviofrope-1,,Mianchi,18_breakviofrope,pʰɚ̌,pʰɚ̌,,,Sims2020,,
Dayang-190_snapvi-1,,Dayang,190_snapvi,bʐɛ̌,bʐɛ̌,,,Sims2020,,
Taoba-18_breakviofrope-1,,Taoba,18_breakviofrope,tə³⁵ bʐɛ³⁵,tə³⁵ bʐɛ³⁵,,,Sims2020,,
Qinghua-18_breakviofrope-1,,Qinghua,18_breakviofrope,tʰə¹³ pʐɛ¹³,tʰə¹³ pʐɛ¹³,,,Sims2020,,
Taoping-16_bone-1,,Taoping,16_bone,ʐɑ³¹ kie³³,ʐɑ³¹ kie³³,,,Sims2020,,
Longxi-16_bone-1,,Longxi,16_bone,ɹà ká,ɹà ká,,,Sims2020,,
Mianchi-16_bone-1,,Mianchi,16_bone,ʐæ̀ ʁoù,ʐæ̀ ʁoù,,,Sims2020,,
Yonghe-16_bone-1,,Yonghe,16_bone,ɦàʴ kjɛ́,ɦàʴ kjɛ́,,,Sims2020,,
Wadu-16_bone-1,,Wadu,16_bone,ɹà qá,ɹà qá,,,Sims2020,,
Niuwozi-16_bone-1,,Niuwozi,16_bone,ɹɜᴸ kɑᴴ,ɹɜᴸ kɑᴴ,,,Sims2020,,
Dayang-16_bone-1,,Dayang,16_bone,rɑ́ qɑ̌,rɑ́ qɑ̌,,,Sims2020,,
Taoba-16_bone-1,,Taoba,16_bone,rɛ³⁵ ka⁵³,rɛ³⁵ ka⁵³,,,Sims2020,,
Qinghua-16_bone-1,,Qinghua,16_bone,ʐɑ⁵⁵ qɑ¹³,ʐɑ⁵⁵ qɑ¹³,,,Sims2020,,
Lanping-16_bone-1,,Lanping,16_bone,ʐɑ⁵⁵ qɑ¹³,ʐɑ⁵⁵ qɑ¹³,,,Sims2020,,
Jiulong-16_bone-1,,Jiulong,16_bone,ʐɑ¹¹ qɑ⁵⁵,ʐɑ¹¹ qɑ⁵⁵,,,Sims2020,,
Taoping-15_blow-1,,Taoping,15_blow,pʰə³³,pʰə³³,,,Sims2020,,
Longxi-15_blow-1,,Longxi,15_blow,phú,phú,,,Sims2020,,
Lanping-15_blow-1,,Lanping,15_blow,pʰu⁵⁵ py⁵⁵,pʰu⁵⁵ py⁵⁵,,,Sims2020,,
Taoping-13_blood-1,,Taoping,13_blood,sa³³,sa³³,,,Sims2020,,
Longxi-13_blood-1,,Longxi,13_blood,sà,sà,,,Sims2020,,
Mianchi-13_blood-1,,Mianchi,13_blood,sà,sà,,,Sims2020,,
Yonghe-13_blood-1,,Yonghe,13_blood,sɑ̌,sɑ̌,,,Sims2020,,
Wadu-13_blood-1,,Wadu,13_blood,sɛ̌j,sɛ̌j,,,Sims2020,,
Niuwozi-13_blood-1,,Niuwozi,13_blood,sɜjᴿ,sɜjᴿ,,,Sims2020,,
Dayang-13_blood-1,,Dayang,13_blood,sǎ,sǎ,,,Sims2020,,
Taoba-13_blood-1,,Taoba,13_blood,se³⁵,se³⁵,,,Sims2020,,
Qinghua-13_blood-1,,Qinghua,13_blood,sa¹³,sa¹³,,,Sims2020,,
Lanping-13_blood-1,,Lanping,13_blood,sa¹³,sa¹³,,,Sims2020,,
Jiulong-13_blood-1,,Jiulong,13_blood,sɛi³⁵,sɛi³⁵,,,Sims2020,,
Taoping-11_black-1,,Taoping,11_black,ȵi⁵⁵ ȵi³¹,ȵi⁵⁵ ȵi³¹,,,Sims2020,,
Longxi-11_black-1,,Longxi,11_black,ȵí ~ ȵì,ȵí,,,Sims2020,,
Mianchi-11_black-1,,Mianchi,11_black,nə̀,nə̀,,,Sims2020,,
Yonghe-11_black-1,,Yonghe,11_black,ȵǐ,ȵǐ,,,Sims2020,,
Wadu-11_black-1,,Wadu,11_black,njæ̌,njæ̌,,,Sims2020,,
Niuwozi-11_black-1,,Niuwozi,11_black,njɑᴿ,njɑᴿ,,,Sims2020,,
Dayang-11_black-1,,Dayang,11_black,ȵɑ̌N,ȵɑ̌N,,,Sims2020,,
Taoba-11_black-1,,Taoba,11_black,ȵɛ³⁵ mə⁵³,ȵɛ³⁵ mə⁵³,,,Sims2020,,
Qinghua-11_black-1,,Qinghua,11_black,ȵɑ³⁵,ȵɑ³⁵,,,Sims2020,,
Lanping-11_black-1,,Lanping,11_black,ȵɑ³⁵,ȵɑ³⁵,,,Sims2020,,
Taoping-10_bitter-1,,Taoping,10_bitter,qʰa⁵⁵,qʰa⁵⁵,,,Sims2020,,
Longxi-10_bitter-1,,Longxi,10_bitter,qʰà,qʰà,,,Sims2020,,
Mianchi-10_bitter-1,,Mianchi,10_bitter,qʰà,qʰà,,,Sims2020,,
Yonghe-10_bitter-1,,Yonghe,10_bitter,kʰɑ́ ~ qʰɑ́,kʰɑ́,,,Sims2020,,
Wadu-10_bitter-1,,Wadu,10_bitter,qʰæ̌,qʰæ̌,,,Sims2020,,
Niuwozi-10_bitter-1,,Niuwozi,10_bitter,kʰaᴿ,kʰaᴿ,,,Sims2020,,
Dayang-10_bitter-1,,Dayang,10_bitter,qʰɑ̌,qʰɑ̌,,,Sims2020,,
Taoba-10_bitter-1,,Taoba,10_bitter,kʰa³⁵ mə⁵³,kʰa³⁵ mə⁵³,,,Sims2020,,
Qinghua-10_bitter-1,,Qinghua,10_bitter,qʰɑ¹³,qʰɑ¹³,,,Sims2020,,
Lanping-10_bitter-1,,Lanping,10_bitter,qʰɑ¹³,qʰɑ¹³,,,Sims2020,,
Jiulong-10_bitter-1,,Jiulong,10_bitter,qʰɑ⁵⁵,qʰɑ⁵⁵,,,Sims2020,,
Taoping-8_bee-1,,Taoping,8_bee,bə³¹ dʑy³³,bə³¹ dʑy³³,,,Sims2020,,
Longxi-8_bee-1,,Longxi,8_bee,bù-iù,bù-iù,,,Sims2020,,
Mianchi-8_bee-1,,Mianchi,8_bee,bù-ʑoú,bù-ʑoú,,,Sims2020,,
Yonghe-8_bee-1,,Yonghe,8_bee,bù ʐú,bù ʐú,,,Sims2020,,
Wadu-8_bee-1,,Wadu,8_bee,bʉ HL,bʉ HL,,,Sims2020,,
Niuwozi-8_bee-1,,Niuwozi,8_bee,bɨᶠ,bɨᶠ,,,Sims2020,,
Dayang-8_bee-1,,Dayang,8_bee,bɨ́,bɨ́,,,Sims2020,,
Lanping-8_bee-1,,Lanping,8_bee,bʒɛ¹³ tʃə⁵⁵,bʒɛ¹³ tʃə⁵⁵,,,Sims2020,,
Jiulong-8_bee-1,,Jiulong,8_bee,bi³⁵ lĩ⁵⁵,bi³⁵ lĩ⁵⁵,,,Sims2020,,
Taoping-7_beard-1,,Taoping,7_beard,tsʰuə⁵⁵ χmə³³,tsʰuə⁵⁵ χmə³³,,,Sims2020,,
Yonghe-7_beard-1,,Yonghe,7_beard,tsʰə́ mù,tsʰə́ mù,,,Sims2020,,
Taoba-7_beard-1,,Taoba,7_beard,a³⁵ sõ⁵³,a³⁵ sõ⁵³,,,Sims2020,,
Qinghua-7_beard-1,,Qinghua,7_beard,a¹³ stiɑ̃u⁵⁵,a¹³ stiɑ̃u⁵⁵,,,Sims2020,,
Jiulong-7_beard-1,,Jiulong,7_beard,a³³ sũ⁵⁵,a³³ sũ⁵⁵,,,Sims2020,,
Taoping-6_bethirsty-1,,Taoping,6_bethirsty,χpa⁵⁵,χpa⁵⁵,,,Sims2020,,
Longxi-241_waterdirectionalthirst-1,,Longxi,241_waterdirectionalthirst,tsù tə̀-pià,tsù tə̀-pià,,,Sims2020,,
Mianchi-6_bethirsty-1,,Mianchi,6_bethirsty,pià,pià,,,Sims2020,,
Yonghe-6_bethirsty-1,,Yonghe,6_bethirsty,tə̀-pǽ ~ tə̀-ɸǽ,tə̀-pǽ,,,Sims2020,,
Taoping-4_belong-1,,Taoping,4_belong,dʐe³³,dʐe³³,,,Sims2020,,
Longxi-4_belong-1,,Longxi,4_belong,dʐé,dʐé,,,Sims2020,,
Mianchi-4_belong-1,,Mianchi,4_belong,dʐé,dʐé,,,Sims2020,,
Yonghe-4_belong-1,,Yonghe,4_belong,dʐí,dʐí,,,Sims2020,,
Wadu-4_belong-1,,Wadu,4_belong,ɻǽŋ,ɻǽŋ,,,Sims2020,,
Dayang-4_belong-1,,Dayang,4_belong,ʂã́,ʂã́,,,Sims2020,,
Taoba-4_belong-1,,Taoba,4_belong,ʂã⁵⁵ mə⁵³,ʂã⁵⁵ mə⁵³,,,Sims2020,,
Qinghua-4_belong-1,,Qinghua,4_belong,ʂã⁵⁵,ʂã⁵⁵,,,Sims2020,,
Lanping-4_belong-1,,Lanping,4_belong,ʂã⁵⁵,ʂã⁵⁵,,,Sims2020,,
Jiulong-4_belong-1,,Jiulong,4_belong,ʂã⁵⁵,ʂã⁵⁵,,,Sims2020,,
Taoping-2_answerreplyv-1,,Taoping,2_answerreplyv,χgye³³,χgye³³,,,Sims2020,,
Longxi-2_answerreplyv-1,,Longxi,2_answerreplyv,guà,guà,,,Sims2020,,
Lanping-2_answerreplyv-1,,Lanping,2_answerreplyv,tə¹³ gui³⁵ ski⁵⁵,tə¹³ gui³⁵ ski⁵⁵,,,Sims2020,,
Mianchi-89_harvestreap-1,,Mianchi,89_harvestreap,kú~kù,kú,,,Sims2020,,
Yonghe-89_harvestreap-1,,Yonghe,89_harvestreap,ɦɛ̀ kwɛ́,ɦɛ̀ kwɛ́,,,Sims2020,,
Lanping-89_harvestreap-1,,Lanping,89_harvestreap,xə¹³ kɯ⁵⁵,xə¹³ kɯ⁵⁵,,,Sims2020,,
Jiulong-89_harvestreap-1,,Jiulong,89_harvestreap,kɯ⁵⁵ ʐe⁵⁵,kɯ⁵⁵ ʐe⁵⁵,,,Sims2020,,
Longxi-66_fightgotowar-1,,Longxi,66_fightgotowar,qù quá,qù quá,,,Sims2020,,
Mianchi-66_fightgotowar-1,,Mianchi,66_fightgotowar,dʐuɛ̀ quá,dʐuɛ̀ quá,,,Sims2020,,
Lanping-66_fightgotowar-1,,Lanping,66_fightgotowar,qo⁵⁵ qua⁵⁵,qo⁵⁵ qua⁵⁵,,,Sims2020,,
Longxi-113_life-1,,Longxi,113_life,tsɨ́,tsɨ́,,,Sims2020,,
Lanping-114_lifespan-1,,Lanping,114_lifespan,tsi⁵⁵,tsi⁵⁵,,,Sims2020,,
Jiulong-113_life-1,,Jiulong,113_life,tsi³⁵,tsi³⁵,,,Sims2020,,
Longxi-203_stab-1,,Longxi,203_stab,tɕʰí,tɕʰí,,,Sims2020,,
Mianchi-203_stab-1,,Mianchi,203_stab,tsʰoú,tsʰoú,,,Sims2020,,
Lanping-203_stab-1,,Lanping,203_stab,tsʰu⁵⁵~xə¹³ tɕʰu⁵⁵,tsʰu⁵⁵,,,Sims2020,,
Mianchi-167_rinseflush-1,,Mianchi,167_rinseflush,tʂʰuá,tʂʰuá,,,Sims2020,,
Lanping-167_rinseflush-1,,Lanping,167_rinseflush,tʃʰõ⁵⁵,tʃʰõ⁵⁵,,,Sims2020,,
Yonghe-46_direction-1,,Yonghe,46_direction,dʑí,dʑí,,,Sims2020,,
Wadu-46_direction-1,,Wadu,46_direction,dʑí,dʑí,,,Sims2020,,
Longxi-32_clearclean-1,,Longxi,32_clearclean,ɕó,ɕó,,,Sims2020,,
Mianchi-32_clearclean-1,,Mianchi,32_clearclean,ɕó té,ɕó té,,,Sims2020,,
Wadu-32_clearclean-1,,Wadu,32_clearclean,ʂṍ,ʂṍ,,,Sims2020,,
Niuwozi-32_clearclean-1,,Niuwozi,32_clearclean,ʂõᴴ,ʂõᴴ,,,Sims2020,,
Taoba-32_clearclean-1,,Taoba,32_clearclean,ʂã⁵⁵ n̥iɛ⁵⁵ mə⁵³,ʂã⁵⁵ n̥iɛ⁵⁵ mə⁵³,,,Sims2020,,
Qinghua-32_clearclean-1,,Qinghua,32_clearclean,ʂõ⁵⁵ ne⁵⁵,ʂõ⁵⁵ ne⁵⁵,,,Sims2020,,
Jiulong-32_clearclean-1,,Jiulong,32_clearclean,ʂã⁵⁵,ʂã⁵⁵,,,Sims2020,,
Yonghe-135_obstruct-1,,Yonghe,135_obstruct,ɦæ̀ -ʑwǽ,ɦæ̀ -ʑwǽ,,,Sims2020,,
Wadu-135_obstruct-1,,Wadu,135_obstruct,ɐ̀ - ʐwĩ́,ɐ̀ - ʐwĩ́,,,Sims2020,,
Lanping-135_obstruct-1,,Lanping,135_obstruct,kʰə¹³ ʐa⁵⁵,kʰə¹³ ʐa⁵⁵,,,Sims2020,,
Jiulong-135_obstruct-1,,Jiulong,135_obstruct,xa¹¹ ʐo⁵⁵,xa¹¹ ʐo⁵⁵,,,Sims2020,,
Mianchi-45_delicious-1,,Mianchi,45_delicious,ʑé,ʑé,,,Sims2020,,
Yonghe-45_delicious-1,,Yonghe,45_delicious,ʑí,ʑí,,,Sims2020,,
Wadu-45_delicious-1,,Wadu,45_delicious,ʐṍ,ʐṍ,,,Sims2020,,
Taoba-45_delicious-1,,Taoba,45_delicious,ʐẽ⁵⁵ mə⁵³,ʐẽ⁵⁵ mə⁵³,,,Sims2020,,
Qinghua-45_delicious-1,,Qinghua,45_delicious,ʐə̃⁵⁵ ti¹³,ʐə̃⁵⁵ ti¹³,,,Sims2020,,
Lanping-45_delicious-1,,Lanping,45_delicious,ʒẽ⁵⁵ ti⁵⁵,ʒẽ⁵⁵ ti⁵⁵,,,Sims2020,,
Jiulong-45_delicious-1,,Jiulong,45_delicious,ʑĩ³⁵,ʑĩ³⁵,,,Sims2020,,
Mianchi-198_soup-1,,Mianchi,198_soup,ʐɛ́,ʐɛ́,,,Sims2020,,
Dayang-198_soup-1,,Dayang,198_soup,rã̌,rã̌,,,Sims2020,,
Taoba-198_soup-1,,Taoba,198_soup,rɛ̃⁵⁵,rɛ̃⁵⁵,,,Sims2020,,
Qinghua-198_soup-1,,Qinghua,198_soup,ʂɑ¹³ ʐã⁵⁵,ʂɑ¹³ ʐã⁵⁵,,,Sims2020,,
Lanping-198_soup-1,,Lanping,198_soup,ʂɑ¹³ ʐã⁵⁵,ʂɑ¹³ ʐã⁵⁵,,,Sims2020,,
Longxi-240_warmselfbyfire-1,,Longxi,240_warmselfbyfire,mù lé,mù lé,,,Sims2020,,
Taoba-240_warmselfbyfire-1,,Taoba,240_warmselfbyfire,ma³⁵ liã⁵⁵,ma³⁵ liã⁵⁵,,,Sims2020,,
Qinghua-240_warmselfbyfire-1,,Qinghua,240_warmselfbyfire,mɐ¹³ lɛ̃⁵⁵,mɐ¹³ lɛ̃⁵⁵,,,Sims2020,,
Lanping-240_warmselfbyfire-1,,Lanping,240_warmselfbyfire,mɐ¹³ lɛ̃⁵⁵,mɐ¹³ lɛ̃⁵⁵,,,Sims2020,,
Jiulong-240_warmselfbyfire-1,,Jiulong,240_warmselfbyfire,ma³⁵ ɬə̃⁵⁵,ma³⁵ ɬə̃⁵⁵,,,Sims2020,,
Longxi-153_plown-1,,Longxi,153_plown,tò,tò,,,Sims2020,,
Mianchi-153_plown-1,,Mianchi,153_plown,tò kè,tò kè,,,Sims2020,,
Yonghe-153_plown-1,,Yonghe,153_plown,tù kwǽ,tù kwǽ,,,Sims2020,,
Lanping-153_plown-1,,Lanping,153_plown,tɑ̃u⁵⁵,tɑ̃u⁵⁵,,,Sims2020,,
Jiulong-153_plown-1,,Jiulong,153_plown,tũ³⁵,tũ³⁵,,,Sims2020,,
Longxi-141_owl-1,,Longxi,141_owl,ỳ kʰù,ỳ kʰù,,,Sims2020,,
Mianchi-141_owl-1,,Mianchi,141_owl,kuì tòŋ kʰò,kuì tòŋ kʰò,,,Sims2020,,
Yonghe-141_owl-1,,Yonghe,141_owl,mǽ kʰwì,mǽ kʰwì,,,Sims2020,,
Longxi-208_stone-1,,Longxi,208_stone,gò,gò,,,Sims2020,,
Wadu-208_stone-1,,Wadu,208_stone,gʉ̀ ɖóŋ,gʉ̀ ɖóŋ,,,Sims2020,,
Niuwozi-208_stone-1,,Niuwozi,208_stone,gʉᴸ bõᴴ,gʉᴸ bõᴴ,,,Sims2020,,
Qinghua-208_stone-1,,Qinghua,208_stone,sgø¹³,sgø¹³,,,Sims2020,,
Lanping-208_stone-1,,Lanping,208_stone,zgø¹³,zgø¹³,,,Sims2020,,
Jiulong-208_stone-1,,Jiulong,208_stone,guo¹¹ lũ⁵⁵,guo¹¹ lũ⁵⁵,,,Sims2020,,
Longxi-21_bundle-1,,Longxi,21_bundle,què,què,,,Sims2020,,
Mianchi-21_bundle-1,,Mianchi,21_bundle,quà,quà,,,Sims2020,,
Jiulong-20_bunchbundle-1,,Jiulong,20_bunchbundle,(tə⁵⁵) qã¹¹,qã¹¹,,,Sims2020,,
Longxi-78_givebirth-1,,Longxi,78_givebirth,ì,ì,,,Sims2020,,
Mianchi-78_givebirth-1,,Mianchi,78_givebirth,ʑì,ʑì,,,Sims2020,,
Wadu-78_givebirth-1,,Wadu,78_givebirth,ʑì,ʑì,,,Sims2020,,
Longxi-194_snowhailv-1,,Longxi,194_snowhailv,dà zì,dà zì,,,Sims2020,,
Yonghe-84_haillitsnowhailround-1,,Yonghe,84_haillitsnowhailround,pɔ̌-ʐɨ̀ lwìlwí,pɔ̌-ʐɨ̀ lwìlwí,,,Sims2020,,
Taoba-85_hailn-1,,Taoba,85_hailn,ʑẽ³⁵,ʑẽ³⁵,,,Sims2020,,
Jiulong-85_hailn-1,,Jiulong,85_hailn,zẽ³⁵,zẽ³⁵,,,Sims2020,,
Longxi-254_yawn-1,,Longxi,254_yawn,hà há pù,hà há pù,,,Sims2020,,
Mianchi-254_yawn-1,,Mianchi,254_yawn,χà pú,χà pú,,,Sims2020,,
Wadu-254_yawn-1,,Wadu,254_yawn,hɑ̀ ɕə̀,hɑ̀ ɕə̀,,,Sims2020,,
Jiulong-254_yawn-1,,Jiulong,254_yawn,xɑ¹¹ xe¹¹,xɑ¹¹ xe¹¹,,,Sims2020,,
Longxi-158_priest-1,,Longxi,158_priest,sɨ̀ pí,sɨ̀ pí,,,Sims2020,,
Mianchi-158_priest-1,,Mianchi,158_priest,pí,pí,,,Sims2020,,
Yonghe-166_riceraw-1,,Yonghe,166_riceraw,kʰəʴ́~qʰə́ʴ,kʰəʴ́,,,Sims2020,,
Longxi-37_cough-1,,Longxi,37_cough,tsʰú tá,tsʰú tá,,,Sims2020,,
Yonghe-37_cough-1,,Yonghe,37_cough,tə̀-tsʰú,tə̀-tsʰú,,,Sims2020,,
Longxi-56_enclosesheep-1,,Longxi,56_enclosesheep,tɕʰý,tɕʰý,,,Sims2020,,
Mianchi-56_enclosesheep-1,,Mianchi,56_enclosesheep,kʰuí,kʰuí,,,Sims2020,,
Yonghe-55_enclose-1,,Yonghe,55_enclose,tɕʰwí,tɕʰwí,,,Sims2020,,
Longxi-115_live-1,,Longxi,115_live,sú,sú,,,Sims2020,,
Yonghe-141_owl-2,,Yonghe,141_owl,mǽ kʰwì,mǽ kʰwì,,,Sims2020,,
Longxi-65_feedraise-1,,Longxi,65_feedraise,mì,mì,,,Sims2020,,
Mianchi-65_feedraise-1,,Mianchi,65_feedraise,mù,mù,,,Sims2020,,
Yonghe-65_feedraise-1,,Yonghe,65_feedraise,mǐ,mǐ,,,Sims2020,,
Longxi-251_woundn-1,,Longxi,251_woundn,qò mì,qò mì,,,Sims2020,,
Longxi-196_soliddurable-1,,Longxi,196_soliddurable,gù,gù,,,Sims2020,,
Longxi-215_tail-1,,Longxi,215_tail,suà kà,suà kà,,,Sims2020,,
Mianchi-215_tail-1,,Mianchi,215_tail,suà kè,suà kè,,,Sims2020,,
Yonghe-215_tail-1,,Yonghe,215_tail,sù kjɛ́,sù kjɛ́,,,Sims2020,,
Longxi-236_vapor-1,,Longxi,236_vapor,lə̀,lə̀,,,Sims2020,,
Mianchi-236_vapor-1,,Mianchi,236_vapor,lè,lè,,,Sims2020,,
Wadu-250_widebroad-1,,Wadu,250_widebroad,pú H,pú H,,,Sims2020,,
Dayang-250_widebroad-1,,Dayang,250_widebroad,ɸpə́w,ɸpə́w,,,Sims2020,,
Taoba-250_widebroad-1,,Taoba,250_widebroad,po⁵⁵ mə⁵³,po⁵⁵ mə⁵³,,,Sims2020,,
Qinghua-250_widebroad-1,,Qinghua,250_widebroad,spo⁵⁵,spo⁵⁵,,,Sims2020,,
Lanping-250_widebroad-1,,Lanping,250_widebroad,fpo⁵⁵,fpo⁵⁵,,,Sims2020,,
Jiulong-250_widebroad-1,,Jiulong,250_widebroad,po⁵⁵,po⁵⁵,,,Sims2020,,
Wadu-106_leaf-1,,Wadu,106_leaf,pɑ̌,pɑ̌,,,Sims2020,,
Niuwozi-106_leaf-1,,Niuwozi,106_leaf,sɜᴸ pɑᴴ,sɜᴸ pɑᴴ,,,Sims2020,,
Taoba-106_leaf-1,,Taoba,106_leaf,pa³⁵,pa³⁵,,,Sims2020,,
Qinghua-106_leaf-1,,Qinghua,106_leaf,sɐ¹³ fpɑ⁵⁵,sɐ¹³ fpɑ⁵⁵,,,Sims2020,,
Lanping-106_leaf-1,,Lanping,106_leaf,sɐ¹³,sɐ¹³,,,Sims2020,,
Jiulong-106_leaf-1,,Jiulong,106_leaf,pɑ⁵⁵,pɑ⁵⁵,,,Sims2020,,
Niuwozi-231_untie-1,,Niuwozi,231_untie,pʰʴəᴴ,pʰʴəᴴ,,,Sims2020,,
Jiulong-221_throwout-1,,Jiulong,221_throwout,"nə¹¹ pʰə⁵⁵, nɑ¹¹ pʰɑ⁵⁵","nə¹¹ pʰə⁵⁵, nɑ¹¹ pʰɑ⁵⁵",,,Sims2020,,
Wadu-213_sun-1,,Wadu,213_sun,bʉ́,bʉ́,,,Sims2020,,
Niuwozi-213_sun-1,,Niuwozi,213_sun,bɨᴴ,bɨᴴ,,,Sims2020,,
Taoba-213_sun-1,,Taoba,213_sun,bʉ⁵³,bʉ⁵³,,,Sims2020,,
Qinghua-213_sun-1,,Qinghua,213_sun,by⁵⁵,by⁵⁵,,,Sims2020,,
Lanping-213_sun-1,,Lanping,213_sun,by⁵⁵,by⁵⁵,,,Sims2020,,
Jiulong-213_sun-1,,Jiulong,213_sun,bi³⁵,bi³⁵,,,Sims2020,,
Wadu-52_duck-1,,Wadu,52_duck,bǽ,bǽ,,,Sims2020,,
Niuwozi-52_duck-1,,Niuwozi,52_duck,baᴴ,baᴴ,,,Sims2020,,
Taoba-52_duck-1,,Taoba,52_duck,ba³⁵,ba³⁵,,,Sims2020,,
Niuwozi-175_sheepmaleram-1,,Niuwozi,175_sheepmaleram,tʰuᴴ,tʰuᴴ,,,Sims2020,,
Wadu-12_blind-1,,Wadu,12_blind,qǔ,qǔ,,,Sims2020,,
Niuwozi-12_blind-1,,Niuwozi,12_blind,kuᴴ,kuᴴ,,,Sims2020,,
Wadu-162_redunripegreenblue-1,,Wadu,162_redunripegreenblue,ní,ní,,,Sims2020,,
Niuwozi-81_greenblue-1,,Niuwozi,81_greenblue,niᴴ,niᴴ,,,Sims2020,,
Taoba-81_greenblue-1,,Taoba,81_greenblue,ȵi⁵⁵ na⁵⁵ mə⁵³,ȵi⁵⁵ na⁵⁵ mə⁵³,,,Sims2020,,
Lanping-103_lambkid-1,,Lanping,103_lambkid,ʒɑ̃u⁵⁵ li⁵⁵,ʒɑ̃u⁵⁵ li⁵⁵,,,Sims2020,,
Jiulong-103_lambkid-1,,Jiulong,103_lambkid,ji⁵⁵ tsɿ⁵⁵,ji⁵⁵ tsɿ⁵⁵,,,Sims2020,,
Wadu-87_half-1,,Wadu,87_half,pʰɑ̌,pʰɑ̌,,,Sims2020,,
Niuwozi-87_half-1,,Niuwozi,87_half,pʰɑᴿ,pʰɑᴿ,,,Sims2020,,
Taoba-87_half-1,,Taoba,87_half,pʰa³⁵,pʰa³⁵,,,Sims2020,,
Lanping-87_half-1,,Lanping,87_half,pʰa⁵⁵ tɕi¹³,pʰa⁵⁵ tɕi¹³,,,Sims2020,,
Lanping-22_butterfly-1,,Lanping,22_butterfly,pʰɑ¹³ lɑ⁵⁵,pʰɑ¹³ lɑ⁵⁵,,,Sims2020,,
Wadu-70_fly-1,,Wadu,70_fly,bǐŋ,bǐŋ,,,Sims2020,,
Niuwozi-70_fly-1,,Niuwozi,70_fly,bjɛ̃ᴿ,bjɛ̃ᴿ,,,Sims2020,,
Wadu-15_blow-1,,Wadu,15_blow,m̥ə̀,m̥ə̀,,,Sims2020,,
Niuwozi-15_blow-1,,Niuwozi,15_blow,m̥uᴿ,m̥uᴿ,,,Sims2020,,
Dayang-15_blow-1,,Dayang,15_blow,m̥ə̃̌,m̥ə̃̌,,,Sims2020,,
Taoba-15_blow-1,,Taoba,15_blow,xə³⁵ m̥ə³⁵,xə³⁵ m̥ə³⁵,,,Sims2020,,
Lanping-15_blow-2,,Lanping,15_blow,kʰə¹³ m̥ə¹³,kʰə¹³ m̥ə¹³,,,Sims2020,,
Jiulong-15_blow-1,,Jiulong,15_blow,to³⁵,to³⁵,,,Sims2020,,
Dayang-215_tail-1,,Dayang,215_tail,{mə́} ɬyé,{mə́} ɬyé,,,Sims2020,,
Taoba-215_tail-1,,Taoba,215_tail,mɐ̃³⁵ ɬio⁵³,mɐ̃³⁵ ɬio⁵³,,,Sims2020,,
Qinghua-215_tail-1,,Qinghua,215_tail,mɐ¹³ ɬiɛ⁵⁵,mɐ¹³ ɬiɛ⁵⁵,,,Sims2020,,
Lanping-215_tail-1,,Lanping,215_tail,mɐ¹³ ɬiɛ⁵⁵,mɐ¹³ ɬiɛ⁵⁵,,,Sims2020,,
Jiulong-215_tail-1,,Jiulong,215_tail,mã³⁵,mã³⁵,,,Sims2020,,
Taoba-27_choke-1,,Taoba,27_choke,xə³⁵ tui³⁵,xə³⁵ tui³⁵,,,Sims2020,,
Taoba-178_shoe-1,,Taoba,178_shoe,tɕyi³⁵,tɕyi³⁵,,,Sims2020,,
Qinghua-178_shoe-1,,Qinghua,178_shoe,tsyi¹³,tsyi¹³,,,Sims2020,,
Lanping-178_shoe-1,,Lanping,178_shoe,tsyi¹³,tsyi¹³,,,Sims2020,,
Jiulong-178_shoe-1,,Jiulong,178_shoe,tsui³⁵,tsui³⁵,,,Sims2020,,
Dayang-102_joint-1,,Dayang,102_joint,tɐ-tsɛ̌j / tsǎ,tɐ-tsɛ̌j / tsǎ,,,Sims2020,,
Lanping-102_joint-1,,Lanping,102_joint,tsi⁵⁵,tsi⁵⁵,,,Sims2020,,
Jiulong-102_joint-1,,Jiulong,102_joint,tsɛi³⁵,tsɛi³⁵,,,Sims2020,,
Niuwozi-64_feed-1,,Niuwozi,64_feed,ʈʂʰeᴿ,ʈʂʰeᴿ,,,Sims2020,,
Lanping-64_feed-1,,Lanping,64_feed,tʰə¹³ stʃʰɛ¹³,tʰə¹³ stʃʰɛ¹³,,,Sims2020,,
Niuwozi-19_bridge-1,,Niuwozi,19_bridge,dzõᴿ,dzõᴿ,,,Sims2020,,
Taoba-19_bridge-1,,Taoba,19_bridge,dzã³⁵,dzã³⁵,,,Sims2020,,
Qinghua-19_bridge-1,,Qinghua,19_bridge,dziɑ̃u¹³,dziɑ̃u¹³,,,Sims2020,,
Lanping-19_bridge-1,,Lanping,19_bridge,dziɑ̃u¹³,dziɑ̃u¹³,,,Sims2020,,
Jiulong-19_bridge-1,,Jiulong,19_bridge,dzã³⁵,dzã³⁵,,,Sims2020,,
Wadu-93_heavy-1,,Wadu,93_heavy,lɛ̀j,lɛ̀j,,,Sims2020,,
Wadu-169_seed-1,,Wadu,169_seed,lɛ̌j,lɛ̌j,,,Sims2020,,
Taoba-169_seed-1,,Taoba,169_seed,le³⁵,le³⁵,,,Sims2020,,
Qinghua-169_seed-1,,Qinghua,169_seed,la⁵⁵,la⁵⁵,,,Sims2020,,
Lanping-169_seed-1,,Lanping,169_seed,la⁵⁵,la⁵⁵,,,Sims2020,,
Jiulong-169_seed-1,,Jiulong,169_seed,lɛi³⁵,lɛi³⁵,,,Sims2020,,
Niuwozi-73_forehead-1,,Niuwozi,73_forehead,l̥oᴿ,l̥oᴿ,,,Sims2020,,
Dayang-73_forehead-1,,Dayang,73_forehead,ɬǒ,ɬǒ,,,Sims2020,,
Taoba-73_forehead-1,,Taoba,73_forehead,ɬo³⁵,ɬo³⁵,,,Sims2020,,
Qinghua-73_forehead-1,,Qinghua,73_forehead,ɬo¹³,ɬo¹³,,,Sims2020,,
Lanping-73_forehead-1,,Lanping,73_forehead,ɬo¹³,ɬo¹³,,,Sims2020,,
Niuwozi-176_shepherdv-1,,Niuwozi,176_shepherdv,l̥iᴿ,l̥iᴿ,,,Sims2020,,
Taoba-80_grazevt-1,,Taoba,80_grazevt,ɬi³⁵,ɬi³⁵,,,Sims2020,,
Wadu-136_obtain-1,,Wadu,136_obtain,ɻǐ,ɻǐ,,,Sims2020,,
Niuwozi-136_obtain-1,,Niuwozi,136_obtain,riᴿ,riᴿ,,,Sims2020,,
Wadu-17_bowl-1,,Wadu,17_bowl,qʰwɑ̌,qʰwɑ̌,,,Sims2020,,
Niuwozi-17_bowl-1,,Niuwozi,17_bowl,kʰwɑᴿ,kʰwɑᴿ,,,Sims2020,,
Taoba-17_bowl-1,,Taoba,17_bowl,kʰua³⁵,kʰua³⁵,,,Sims2020,,
Qinghua-17_bowl-1,,Qinghua,17_bowl,kʰuɑ¹³,kʰuɑ¹³,,,Sims2020,,
Lanping-17_bowl-1,,Lanping,17_bowl,kʰuɑ¹³,kʰuɑ¹³,,,Sims2020,,
Mianchi-156_pretendfeign-1,,Mianchi,156_pretendfeign,pá pù,pá pù,,,Sims2020,,
Yonghe-155_pretend-1,,Yonghe,155_pretend,ɸɑʴ́ ~ fɑ́ʴ,ɸɑʴ́,,,Sims2020,,
Wadu-223_todo-1,,Wadu,223_todo,pʉ́,pʉ́,,,Sims2020,,
Niuwozi-223_todo-1,,Niuwozi,223_todo,pɑᶠ,pɑᶠ,,,Sims2020,,
Longxi-171_separatesever-1,,Longxi,171_separatesever,qá tsʰé,qá tsʰé,,,Sims2020,,
Mianchi-171_separatesever-1,,Mianchi,171_separatesever,kiè ká,kiè ká,,,Sims2020,,
Lanping-170_separatev-1,,Lanping,170_separatev,xə¹³ kʰe⁵⁵,xə¹³ kʰe⁵⁵,,,Sims2020,,
Jiulong-170_separatev-1,,Jiulong,170_separatev,kʰə¹¹ kʰe⁵⁵ nə¹¹ ʃi¹¹,kʰə¹¹ kʰe⁵⁵ nə¹¹ ʃi¹¹,,,Sims2020,,
Longxi-38_cuckoo-1,,Longxi,38_cuckoo,qí pù,qí pù,,,Sims2020,,
Mianchi-38_cuckoo-1,,Mianchi,38_cuckoo,koú pù,koú pù,,,Sims2020,,
Wadu-38_cuckoo-1,,Wadu,38_cuckoo,qí pù,qí pù,,,Sims2020,,
Lanping-38_cuckoo-1,,Lanping,38_cuckoo,qei⁵⁵ pu¹³,qei⁵⁵ pu¹³,,,Sims2020,,
Jiulong-38_cuckoo-1,,Jiulong,38_cuckoo,kɯ¹¹ pu⁵⁵,kɯ¹¹ pu⁵⁵,,,Sims2020,,
Yonghe-5_besour-1,,Yonghe,5_besour,tswɛ́,tswɛ́,,,Sims2020,,
Wadu-5_besour-1,,Wadu,5_besour,ʈʂú,ʈʂú,,,Sims2020,,
Niuwozi-5_besour-1,,Niuwozi,5_besour,ʈʂuᴴ,ʈʂuᴴ,,,Sims2020,,
Dayang-5_besour-1,,Dayang,5_besour,tʃú,tʃú,,,Sims2020,,
Yonghe-239_wait-1,,Yonghe,239_wait,ʑì lwí,ʑì lwí,,,Sims2020,,
Lanping-239_wait-1,,Lanping,239_wait,xə¹³ liõ⁵⁵ ku⁵⁵,xə¹³ liõ⁵⁵ ku⁵⁵,,,Sims2020,,
Mianchi-189_snake-1,,Mianchi,189_snake,bʐě,bʐě,,,Sims2020,,
Wadu-189_snake-1,,Wadu,189_snake,bʉ ɻɛȷ́,bʉ ɻɛȷ́,,,Sims2020,,
Taoba-189_snake-1,,Taoba,189_snake,bɐ³⁵,bɐ³⁵,,,Sims2020,,
Qinghua-189_snake-1,,Qinghua,189_snake,bɐ¹³ ʐɑ⁵⁵,bɐ¹³ ʐɑ⁵⁵,,,Sims2020,,
Lanping-189_snake-1,,Lanping,189_snake,bɐ¹³ ʐɑ⁵⁵,bɐ¹³ ʐɑ⁵⁵,,,Sims2020,,
Jiulong-189_snake-1,,Jiulong,189_snake,bu¹¹ ʐɛi⁵⁵,bu¹¹ ʐɛi⁵⁵,,,Sims2020,,
Longxi-174_sheep-1,,Longxi,174_sheep,ió,ió,,,Sims2020,,
Mianchi-174_sheep-1,,Mianchi,174_sheep,ioú,ioú,,,Sims2020,,
Wadu-174_sheep-1,,Wadu,174_sheep,ʐṍ,ʐṍ,,,Sims2020,,
Niuwozi-174_sheep-1,,Niuwozi,174_sheep,ʐõᴴ,ʐõᴴ,,,Sims2020,,
Dayang-174_sheep-1,,Dayang,174_sheep,zʒoṹ,zʒoṹ,,,Sims2020,,
Taoba-174_sheep-1,,Taoba,174_sheep,ʐã⁵⁵,ʐã⁵⁵,,,Sims2020,,
Qinghua-174_sheep-1,,Qinghua,174_sheep,ʒɑ̃u⁵⁵,ʒɑ̃u⁵⁵,,,Sims2020,,
Lanping-174_sheep-1,,Lanping,174_sheep,ʒɑ̃u⁵⁵,ʒɑ̃u⁵⁵,,,Sims2020,,
Jiulong-174_sheep-1,,Jiulong,174_sheep,ʒõ³⁵,ʒõ³⁵,,,Sims2020,,
Longxi-159_pus-1,,Longxi,159_pus,pù,pù,,,Sims2020,,
Mianchi-159_pus-1,,Mianchi,159_pus,pù,pù,,,Sims2020,,
Dayang-159_pus-1,,Dayang,159_pus,ɸpɨ̌,ɸpɨ̌,,,Sims2020,,
Qinghua-159_pus-1,,Qinghua,159_pus,spy¹³,spy¹³,,,Sims2020,,
Lanping-159_pus-1,,Lanping,159_pus,fpy¹³,fpy¹³,,,Sims2020,,
Jiulong-159_pus-1,,Jiulong,159_pus,pu⁵⁵,pu⁵⁵,,,Sims2020,,
Longxi-201_splashsprinkle-1,,Longxi,201_splashsprinkle,pʰà,pʰà,,,Sims2020,,
Mianchi-201_splashsprinkle-1,,Mianchi,201_splashsprinkle,(tsuɛ̀) pʰɛ̀,pʰɛ̀,,,Sims2020,,
Lanping-201_splashsprinkle-1,,Lanping,201_splashsprinkle,pʂɛ¹³,pʂɛ¹³,,,Sims2020,,
Jiulong-201_splashsprinkle-1,,Jiulong,201_splashsprinkle,pʐɛ̃⁵⁵,pʐɛ̃⁵⁵,,,Sims2020,,
Longxi-88_hammern-1,,Longxi,88_hammern,tuà liò,tuà liò,,,Sims2020,,
Mianchi-88_hammern-1,,Mianchi,88_hammern,tuà liò,tuà liò,,,Sims2020,,
Wadu-225_tohammer-1,,Wadu,225_tohammer,tɑ̌,tɑ̌,,,Sims2020,,
Taoba-225_tohammer-1,,Taoba,225_tohammer,xə³⁵ ta³⁵,xə³⁵ ta³⁵,,,Sims2020,,
Qinghua-225_tohammer-1,,Qinghua,225_tohammer,xə¹³ stɑ¹³,xə¹³ stɑ¹³,,,Sims2020,,
Longxi-49_drillauger-1,,Longxi,49_drillauger,ȵò,ȵò,,,Sims2020,,
Jiulong-48_drillv-1,,Jiulong,48_drillv,ȵ̩ĩ¹¹ by³⁵,ȵ̩ĩ¹¹ by³⁵,,,Sims2020,,
Longxi-230_triphammerforhullingrice-1,,Longxi,230_triphammerforhullingrice,tʰiò,tʰiò,,,Sims2020,,
Dayang-230_triphammerforhullingrice-1,,Dayang,230_triphammerforhullingrice,ʃtʃǐ,ʃtʃǐ,,,Sims2020,,
Lanping-230_triphammerforhullingrice-1,,Lanping,230_triphammerforhullingrice,ʃtʃi¹³,ʃtʃi¹³,,,Sims2020,,
Longxi-188_small-1,,Longxi,188_small,tsù,tsù,,,Sims2020,,
Mianchi-188_small-1,,Mianchi,188_small,tsù ~ tsú,tsù,,,Sims2020,,
Yonghe-188_small-1,,Yonghe,188_small,tsə̌,tsə̌,,,Sims2020,,
Wadu-188_small-1,,Wadu,188_small,qʰɐ tsɛ̌j,qʰɐ tsɛ̌j,,,Sims2020,,
Niuwozi-188_small-1,,Niuwozi,188_small,kɜᴸ tsɜjᴿ,kɜᴸ tsɜjᴿ,,,Sims2020,,
Taoba-188_small-1,,Taoba,188_small,ka³⁵ tse³⁵ mə⁵³,ka³⁵ tse³⁵ mə⁵³,,,Sims2020,,
Qinghua-188_small-1,,Qinghua,188_small,qa¹³ tsɛ³⁵,qa¹³ tsɛ³⁵,,,Sims2020,,
Lanping-188_small-1,,Lanping,188_small,qa¹³ tsɛ¹³,qa¹³ tsɛ¹³,,,Sims2020,,
Longxi-59_fatofhumans-1,,Longxi,59_fatofhumans,tsʰɨ̀,tsʰɨ̀,,,Sims2020,,
Wadu-58_fat-1,,Wadu,58_fat,tsʰə̀,tsʰə̀,,,Sims2020,,
Taoba-58_fat-1,,Taoba,58_fat,tsʰə³⁵,tsʰə³⁵,,,Sims2020,,
Qinghua-58_fat-1,,Qinghua,58_fat,tsʰɤ¹³,tsʰɤ¹³,,,Sims2020,,
Lanping-58_fat-1,,Lanping,58_fat,tsʰɤ¹³,tsʰɤ¹³,,,Sims2020,,
Jiulong-58_fat-1,,Jiulong,58_fat,tsʰɿ³⁵,tsʰɿ³⁵,,,Sims2020,,
Longxi-94_hemp-1,,Longxi,94_hemp,"sò,","sò,",,,Sims2020,,
Yonghe-94_hemp-1,,Yonghe,94_hemp,sǔ,sǔ,,,Sims2020,,
Wadu-94_hemp-1,,Wadu,94_hemp,sǔ,sǔ,,,Sims2020,,
Dayang-94_hemp-1,,Dayang,94_hemp,sɑ̌w,sɑ̌w,,,Sims2020,,
Lanping-94_hemp-1,,Lanping,94_hemp,sɑu¹³,sɑu¹³,,,Sims2020,,
Jiulong-94_hemp-1,,Jiulong,94_hemp,so³⁵,so³⁵,,,Sims2020,,
Mianchi-191_snivel-1,,Mianchi,191_snivel,nə̀,nə̀,,,Sims2020,,
Niuwozi-191_snivel-1,,Niuwozi,191_snivel,n̥̥ɑ̃ᴿ,n̥̥ɑ̃ᴿ,,,Sims2020,,
Dayang-192_snot-1,,Dayang,192_snot,n̥æ̃̌,n̥æ̃̌,,,Sims2020,,
Longxi-253_write-1,,Longxi,253_write,"ɹà,","ɹà,",,,Sims2020,,
Mianchi-253_write-1,,Mianchi,253_write,ɕà,ɕà,,,Sims2020,,
Wadu-253_write-1,,Wadu,253_write,ɖʉ̌,ɖʉ̌,,,Sims2020,,
Niuwozi-253_write-1,,Niuwozi,253_write,dʐʉᴿ,dʐʉᴿ,,,Sims2020,,
Longxi-29_circle-1,,Longxi,29_circle,zɨ̀ ʑé,zɨ̀ ʑé,,,Sims2020,,
Taoba-29_circle-1,,Taoba,29_circle,rua⁵⁵ mə⁵³,rua⁵⁵ mə⁵³,,,Sims2020,,
Qinghua-29_circle-1,,Qinghua,29_circle,ʐuɐ¹³ ʐuɐ¹³,ʐuɐ¹³ ʐuɐ¹³,,,Sims2020,,
Lanping-29_circle-1,,Lanping,29_circle,ʐuɐ¹³ ʐuɐ¹³,ʐuɐ¹³ ʐuɐ¹³,,,Sims2020,,
Jiulong-29_circle-1,,Jiulong,29_circle,ʐu¹¹ ʐuə⁵⁵,ʐu¹¹ ʐuə⁵⁵,,,Sims2020,,
Longxi-206_sticky-1,,Longxi,206_sticky,zà,zà,,,Sims2020,,
Mianchi-206_sticky-1,,Mianchi,206_sticky,pià dzà,pià dzà,,,Sims2020,,
Taoba-220_thicksticky-1,,Taoba,220_thicksticky,dzu³⁵ mə⁵³,dzu³⁵ mə⁵³,,,Sims2020,,
Qinghua-220_thicksticky-1,,Qinghua,220_thicksticky,dzy¹³,dzy¹³,,,Sims2020,,
Lanping-207_stickyglutinous-1,,Lanping,207_stickyglutinous,dʑa¹³ ti⁵⁵,dʑa¹³ ti⁵⁵,,,Sims2020,,
Jiulong-220_thicksticky-1,,Jiulong,220_thicksticky,dzu³⁵,dzu³⁵,,,Sims2020,,
Yonghe-122_melt-1,,Yonghe,122_melt,dʐə̌,dʐə̌,,,Sims2020,,
Wadu-122_melt-1,,Wadu,122_melt,ɖʐæ̌,ɖʐæ̌,,,Sims2020,,
Longxi-147_penis-1,,Longxi,147_penis,lià qə̀,lià qə̀,,,Sims2020,,
Mianchi-147_penis-1,,Mianchi,147_penis,lià qɛ̀,lià qɛ̀,,,Sims2020,,
Yonghe-147_penis-1,,Yonghe,147_penis,lǐ,lǐ,,,Sims2020,,
Dayang-218_testicle-1,,Dayang,218_testicle,lɒ̀ dɒ̌,lɒ̀ dɒ̌,,,Sims2020,,
Longxi-164_returntoaplace-1,,Longxi,164_returntoaplace,lò,lò,,,Sims2020,,
Lanping-163_return-1,,Lanping,163_return,xə¹³ lo¹³,xə¹³ lo¹³,,,Sims2020,,
Longxi-36_corpse-1,,Longxi,36_corpse,mó,mó,,,Sims2020,,
Mianchi-36_corpse-1,,Mianchi,36_corpse,mó,mó,,,Sims2020,,
Yonghe-36_corpse-1,,Yonghe,36_corpse,mì múʴ,mì múʴ,,,Sims2020,,
Wadu-36_corpse-1,,Wadu,36_corpse,mǔ,mǔ,,,Sims2020,,
Niuwozi-36_corpse-1,,Niuwozi,36_corpse,muᴿ,muᴿ,,,Sims2020,,
Lanping-36_corpse-1,,Lanping,36_corpse,ȵi⁵⁵ mu⁵⁵,ȵi⁵⁵ mu⁵⁵,,,Sims2020,,
Jiulong-36_corpse-1,,Jiulong,36_corpse,mi³⁵ mũ⁵⁵,mi³⁵ mũ⁵⁵,,,Sims2020,,
Longxi-187_sleep-1,,Longxi,187_sleep,(ɦà) mà zè,mà zè,,,Sims2020,,
Mianchi-133_nodoff-1,,Mianchi,133_nodoff,mɛ̀ ʑɛ̀ -qɛ̀ tuá,mɛ̀ ʑɛ̀ -qɛ̀ tuá,,,Sims2020,,
Wadu-187_sleep-1,,Wadu,187_sleep,ʑə̌,ʑə̌,,,Sims2020,,
Taoba-187_sleep-1,,Taoba,187_sleep,kʰə³⁵ ʑi³⁵,kʰə³⁵ ʑi³⁵,,,Sims2020,,
Qinghua-187_sleep-1,,Qinghua,187_sleep,nə¹³ ʒə¹³,nə¹³ ʒə¹³,,,Sims2020,,
Lanping-187_sleep-1,,Lanping,187_sleep,nə¹³ ʒə¹³,nə¹³ ʒə¹³,,,Sims2020,,
Jiulong-187_sleep-1,,Jiulong,187_sleep,kʰɯ¹¹ ʑɯ⁵⁵,kʰɯ¹¹ ʑɯ⁵⁵,,,Sims2020,,
Longxi-95_hideself-1,,Longxi,95_hideself,pià,pià,,,Sims2020,,
Niuwozi-3_axe-1,,Niuwozi,3_axe,pɨᶠ,pɨᶠ,,,Sims2020,,
Dayang-3_axe-1,,Dayang,3_axe,ɸpɨ́,ɸpɨ́,,,Sims2020,,
Lanping-3_axe-1,,Lanping,3_axe,fpy⁵⁵,fpy⁵⁵,,,Sims2020,,
Jiulong-3_axe-1,,Jiulong,3_axe,pi⁵⁵,pi⁵⁵,,,Sims2020,,
Longxi-118_lowerseatnothonored-1,,Longxi,118_lowerseatnothonored,ɹà lì,ɹà lì,,,Sims2020,,
Mianchi-118_lowerseatnothonored-1,,Mianchi,118_lowerseatnothonored,ʐí lè,ʐí lè,,,Sims2020,,
